Country,Departments,Subject Name Automation hub,Purpose,Benefit per company (€/per year),Benefit per company (hours saved/year),Oneshot Benefit,Automation Hub Documentation,PHASE,Status,Is it a local process or could it be deployed to all subs ?,Date submitted,Link Automation Hub,Submitter,Collaborator
GERMANY,"Customer Experience,Marketing",GER - LOG - MD04 Article texts,,"€1,500.00",48 Hours Per Year,€0.00,document,Assessment,In Progress,Local,06/26/2025,https://cloud.uipath.com/lyrecomanagement/DefaultTenant/automationhub_/automation-profile/ger---log---md04-article-texts,Reiner FRITSCH,Reiner FRITSCH
WISE,Finance,WISE - FIN - Purchasing card,,"€150,000.00",4800 Hours Per Year,€0.00,document,Assessment,Not Started,Group,06/25/2025,https://cloud.uipath.com/lyrecomanagement/DefaultTenant/automationhub_/automation-profile/purchasing-card,Guelahourou Joel SOSSIE,Guelahourou Joel SOSSIE
SWEDEN,Customer Unique Specialist,SWE - SC - Automation of Logistics and KPI Reports (BO),,,,,document,Idea,Awaiting Review,Local,06/25/2025,https://cloud.uipath.com/lyrecomanagement/DefaultTenant/automationhub_/automation-profile/swe---sc---automation-of-logistics-and-kpi-reports--bo-,SVÄRD Peter,SVÄRD Peter
SWEDEN,Customer Unique Specialist,SWE - SA - Coor delivery precision,,,,,document,Idea,Awaiting Review,Local,06/25/2025,https://cloud.uipath.com/lyrecomanagement/DefaultTenant/automationhub_/automation-profile/swe---sa---coor-delivery-precision,SVÄRD Peter,SVÄRD Peter
GERMANY,"Customer Experience,Sales",GER- SAL-CMC_Upload_Contract Tool,,"€9,375.00",300 Hours Per Year,€0.00,"CMCUpload-Contract tool_Doku_Ger.docx,CMCUpload-Contract_Tool_Eng.docx",Assessment,In Progress,"Local, and maybe Group",06/13/2025,https://cloud.uipath.com/lyrecomanagement/DefaultTenant/automationhub_/automation-profile/ger--sal-cmc-upload-contract-tool,Abdelaziz TEKAYA,Abdelaziz TEKAYA
SWITZERLAND,IT,CH - BS - WAPL - Restructuring Maintenance Dates Maintenance Contract Nespresso Business - OneShot,,€0.00,0 Hours Per Year,"€2,500.00",,Live,Archived,,05/22/2025,https://cloud.uipath.com/lyrecomanagement/DefaultTenant/automationhub_/automation-profile/ch---bs---wapl---restructuring-maintenance-dates-maintenance-contract-nespresso-business---oneshot,Bernd Kretzschmar,Bernd Kretzschmar
SWITZERLAND,IT,CH - LOG - Paletti - Extract Delivery Information from SAP,,"€30,000.00",960 Hours Per Year,€0.00,,Live,In Production,,05/22/2025,https://cloud.uipath.com/lyrecomanagement/DefaultTenant/automationhub_/automation-profile/ch---log---paletti---extract-delivery-information-from-sap,Bernd Kretzschmar,Bernd Kretzschmar
SWITZERLAND,IT,CH - BS - WAPL - Generation of Service Orders ,,"€15,000.00",480 Hours Per Year,€0.00,,Live,In Production,,05/22/2025,https://cloud.uipath.com/lyrecomanagement/DefaultTenant/automationhub_/automation-profile/ch---bs---wapl---generation-of-service-orders-,Bernd Kretzschmar,Bernd Kretzschmar
DENMARK,Marketing,DEN-MKT-VISTEX REDO,,"€8,437.50",270 Hours Per Year,€0.00,document,Assessment,Not Started,Local,05/22/2025,https://cloud.uipath.com/lyrecomanagement/DefaultTenant/automationhub_/automation-profile/den-mkt-vistex-redo,Tina Skroeder OLSEN,Tina Skroeder OLSEN
BENELUX,IT,BNL - CX DE - GetSiteControl Personalized Popups,,"€60,000.00",1920 Hours Per Year,€0.00,document,Live,In Production,Local,05/16/2025,https://cloud.uipath.com/lyrecomanagement/DefaultTenant/automationhub_/automation-profile/bnl---cx-de---getsitecontrol-personalized-popups,Wouter Herrrygers,Wouter Herrrygers
BENELUX,IT,BNL - SAL/LOG/MKT - Send SPE to Order Requests & Process Feedback,,"€33,750.00",1080 Hours Per Year,€0.00,document,Live,In Production,Local,05/15/2025,https://cloud.uipath.com/lyrecomanagement/DefaultTenant/automationhub_/automation-profile/bnlsallogmktsendspetoorderrequestsprocessfeedback,Wouter Herrrygers,Wouter Herrrygers
CASH,IS,CASH - SAL - Automation of Static Catalogs,,€0.00,0 Hours Per Year,€0.00,document,Assessment,Not Started,"Local, and maybe Group",05/15/2025,https://cloud.uipath.com/lyrecomanagement/DefaultTenant/automationhub_/automation-profile/cash---sal---automation-of-static-catalogs,Eduard SEKERES,Eduard SEKERES
CASH,IS,CASH - CS - Strabag POD sending,,€0.00,0 Hours Per Year,€0.00,document,Development,In Progress,Local,05/15/2025,https://cloud.uipath.com/lyrecomanagement/DefaultTenant/automationhub_/automation-profile/cash---cs---strabag-pod-sending,Eduard SEKERES,Eduard SEKERES
CASH,IS,CASH - SAL - Price change/delist report for Sales,,€0.00,0 Hours Per Year,€0.00,document,Development,In Progress,"Local, and maybe Group",05/15/2025,https://cloud.uipath.com/lyrecomanagement/DefaultTenant/automationhub_/automation-profile/cash---sal---price-changedelist-report-for-sales,Eduard SEKERES,Eduard SEKERES
CASH,IS,CASH - CS- BackOrder Analysis: Streamlining BO Cleaning Process ,,€0.00,0 Hours Per Year,€0.00,document,Testing,In Progress,Local,05/15/2025,https://cloud.uipath.com/lyrecomanagement/DefaultTenant/automationhub_/automation-profile/cash---cs--backorder-analysis-streamlining-bo-cleaning-process-,Eduard SEKERES,Eduard SEKERES
GERMANY,"Customer Experience,Marketing",GER - MKT - Big_Deal,,€750.00,24 Hours Per Year,€0.00,document,Live,In Production,Local,05/14/2025,https://cloud.uipath.com/lyrecomanagement/DefaultTenant/automationhub_/automation-profile/ger---mkt---big-deal,Reiner FRITSCH,Reiner FRITSCH
BENELUX,IT,BNL - CX CID - ZM003068 Direct Delivery Follow-Up,,"€3,750.00",120 Hours Per Year,€0.00,document,Live,In Production,Local,05/13/2025,https://cloud.uipath.com/lyrecomanagement/DefaultTenant/automationhub_/automation-profile/bnl---cx-cid---zm003068-direct-delivery-follow-up,Wouter Herrrygers,Wouter Herrrygers
SWITZERLAND,IT,CH - LOG - D&S - Supi.MiroInvoices,,"€60,000.00",1920 Hours Per Year,€0.00,,Live,In Production,,05/13/2025,https://cloud.uipath.com/lyrecomanagement/DefaultTenant/automationhub_/automation-profile/chlogdssupimiroinvoices,Bernd Kretzschmar,Bernd Kretzschmar
SWITZERLAND,IT,CH - LOG.Delivery.KUONI.TransferDailyDeliveryData,,"€7,500.00",240 Hours Per Year,€0.00,,Live,In Production,,05/13/2025,https://cloud.uipath.com/lyrecomanagement/DefaultTenant/automationhub_/automation-profile/kuoni-dailydeliveries,Bernd Kretzschmar,Bernd Kretzschmar
GERMANY,"Customer Experience,Marketing",GER - LOG - SAP Delivery Notes,,€750.00,24 Hours Per Year,€0.00,document,Live,In Production,"Local, and maybe Group",05/05/2025,https://cloud.uipath.com/lyrecomanagement/DefaultTenant/automationhub_/automation-profile/ger---log---sap-delivery-notes,Reiner FRITSCH,Reiner FRITSCH
SWEDEN,Customer Unique Specialist,SWE - FD - Customer Limits based on UC evaluation,,"€9,000.00",288 Hours Per Year,€0.00,Full_Meeting_Summary_Credit_Limit_Automation_EN.docx,Assessment,Awaiting Review,Local,05/05/2025,https://cloud.uipath.com/lyrecomanagement/DefaultTenant/automationhub_/automation-profile/swe---fd---customer-limits-based-on-uc-evaluation,SVÄRD Peter,SVÄRD Peter
BENELUX,IT,BNL - LOG - Daily Extract SPE to Order PBI,,"€2,250.00",72 Hours Per Year,€0.00,document,Live,In Production,Local,04/28/2025,https://cloud.uipath.com/lyrecomanagement/DefaultTenant/automationhub_/automation-profile/bnl-log-daily-extract-spe-to-order-pbi,Wouter Herrrygers,Wouter Herrrygers
GERMANY,"Customer Experience,Marketing",GER - MKT/P&S - SAP Article list  ,,"€1,500.00",48 Hours Per Year,€0.00,document,Live,In Production,Local,04/25/2025,https://cloud.uipath.com/lyrecomanagement/DefaultTenant/automationhub_/automation-profile/ger---sal---sap-article-list--,Reiner FRITSCH,Reiner FRITSCH
GROUP,GIS Innovation,TH - CS - Order reject in RIO - Management of EDI orders rejection in SAP,,"€1,500.00",48 Hours Per Year,€0.00,document,Testing,In Progress,Group,04/23/2025,https://cloud.uipath.com/lyrecomanagement/DefaultTenant/automationhub_/automation-profile/fr---cs---order-reject-in-rio---management-of-edi-orders-rejection-in-sap,Bruno Bastin,"Bruno Bastin, Quentin Chastin"
SWEDEN,Customer Unique Specialist,SWE - CS - Customer Initiated Return Improvment,,,,,,Qualification,Awaiting Review,,04/23/2025,https://cloud.uipath.com/lyrecomanagement/DefaultTenant/automationhub_/automation-profile/swe---cs---customer-initiated-return-improvment,SVÄRD Peter,"SVÄRD Peter, Johan SIEDBERG"
DENMARK,Finance,Further development of an existing RPA solution,,"€2,250.00",72 Hours Per Year,€0.00,document,Assessment,Not Started,"Local, and maybe Group",04/16/2025,https://cloud.uipath.com/lyrecomanagement/DefaultTenant/automationhub_/automation-profile/further-development-of-an-existing-rpa-solution,Eva NEUHAUSEN,Eva NEUHAUSEN
DENMARK,Finance,SVR - automatic information for accruals ,,"€3,000.00",96 Hours Per Year,€0.00,document,Assessment,Not Started,"Local, and maybe Group",04/16/2025,https://cloud.uipath.com/lyrecomanagement/DefaultTenant/automationhub_/automation-profile/svr---automatic-information-for-accruals-,Eva NEUHAUSEN,Eva NEUHAUSEN
DENMARK,Finance,CFAC clearing of open items - booking,,€750.00,24 Hours Per Year,€0.00,document,Assessment,Not Started,"Local, and maybe Group",04/16/2025,https://cloud.uipath.com/lyrecomanagement/DefaultTenant/automationhub_/automation-profile/cfacbogfring,Eva NEUHAUSEN,Eva NEUHAUSEN
WISE,WYZE,WISE - Data - Back Order Report Extract,,"€50,250.00",1608 Hours Per Year,€0.00,document,Live,In Production,Local,04/14/2025,https://cloud.uipath.com/lyrecomanagement/DefaultTenant/automationhub_/automation-profile/wise---data---back-order-report-extract,John Davies,John Davies
SWEDEN,Customer Unique Specialist,SWE - SA - ZW55 mass run from SAP to NetShop (One-shot) ,,€0.00,0 Hours Per Year,"€2,000.00",document,Qualification,Awaiting Review,Local,04/09/2025,https://cloud.uipath.com/lyrecomanagement/DefaultTenant/automationhub_/automation-profile/swe---sa---zw55-mass-run-from-sap-to-netshop--one-shot--,SVÄRD Peter,"SVÄRD Peter, Johan SIEDBERG"
SWEDEN,Customer Unique Specialist,SWE - CS - Automatic Email to Supplier Regarding Delayed Dropshipping Item Lead Time,,€0.00,0 Hours Per Year,€0.00,document,Qualification,Approved,Local,04/09/2025,https://cloud.uipath.com/lyrecomanagement/DefaultTenant/automationhub_/automation-profile/swe---cs---automatic-email-to-supplier-regarding-delayed-dropshipping-item-lead-time,SVÄRD Peter,"SVÄRD Peter, Johan SIEDBERG"
WISE,WYZE,WISE - IS - EUP to 1 Password,,€0.00,0 Hours Per Year,€0.00,document,Live,In Production,Local,04/07/2025,https://cloud.uipath.com/lyrecomanagement/DefaultTenant/automationhub_/automation-profile/wise---is---eup-to-1-password,John Davies,John Davies
BENELUX,IT,BNL - CS - Contract Data Split,,"€6,000.00",192 Hours Per Year,€0.00,document,Live,In Production,Local,04/01/2025,https://cloud.uipath.com/lyrecomanagement/DefaultTenant/automationhub_/automation-profile/bnl-cs-contract-data-split,Wouter Herrrygers,Wouter Herrrygers
CASH,IS,CASH - HR - New Employee Data Transformation for Payroll,,€187.50,6 Hours Per Year,€0.00,document,Development,Cancelled,Local,03/27/2025,https://cloud.uipath.com/lyrecomanagement/DefaultTenant/automationhub_/automation-profile/cash---hr---new-employee-data-transformation-for-payroll,Eduard SEKERES,Eduard SEKERES
GERMANY,"Customer Experience,Marketing",GER - LOG - Warehouse KPI 2 ,,"€1,125.00",36 Hours Per Year,€0.00,Description of RPA process Warehouse KPI.docx,Live,In Production,Local,03/26/2025,https://cloud.uipath.com/lyrecomanagement/DefaultTenant/automationhub_/automation-profile/ger---log---warehouse-kpi-2-,Reiner FRITSCH,Reiner FRITSCH
GERMANY,"Customer Experience,Marketing",GER - LOG - Warehouse KPI,,"€1,125.00",36 Hours Per Year,€0.00,Description of RPA process Warehouse KPI.docx,Live,In Production,"Local, and maybe Group",03/26/2025,https://cloud.uipath.com/lyrecomanagement/DefaultTenant/automationhub_/automation-profile/ger---log---warehouse-kpi,Reiner FRITSCH,Reiner FRITSCH
DENMARK,Sales,DEN-SAL-Verification of caller list,,€750.00,24 Hours Per Year,€0.00,Gensys,Assessment,Not Started,"Local, and maybe Group",03/26/2025,https://cloud.uipath.com/lyrecomanagement/DefaultTenant/automationhub_/automation-profile/den-sal-verification-of-caller-list,Nadia BLUME,"Nadia BLUME, Emil Thrane DAGELYKKE, Lars Christensen"
GERMANY,"Customer Experience,Sales",GER - SAL - Requesting SD-Statistics,,"€15,000.00",480 Hours Per Year,€0.00,Prozessdokumentation_SD-Statistiken abrufen.docx,Assessment,In Progress,Group,03/25/2025,https://cloud.uipath.com/lyrecomanagement/DefaultTenant/automationhub_/automation-profile/requesting-sd-statistics,Abdelaziz TEKAYA,Abdelaziz TEKAYA
DENMARK,MARKETING,DEN-SAL-DCT Pricing,,€750.00,24 Hours Per Year,€0.00,document,Assessment,Not Started,"Local, and maybe Group",03/24/2025,https://cloud.uipath.com/lyrecomanagement/DefaultTenant/automationhub_/automation-profile/den-sal-dct-pricing,Lars Christensen,"Lars Christensen, Nadja CHRISTENSEN, Jimmi PETERSEN"
DENMARK,MARKETING,DEN-LOG-Change currier in Denmark,,"€45,000.00",1440 Hours Per Year,€0.00,fluxDHL 1 -en.docx,Testing,In Progress,"Local, and maybe Group",03/07/2025,https://cloud.uipath.com/lyrecomanagement/DefaultTenant/automationhub_/automation-profile/den-log-change-currier-in-denmark,Lars Christensen,"Lars Christensen, Linda Molnit SCHYTH, Emil Thrane DAGELYKKE, Kim Jagd FREDERIKSEN"
SWITZERLAND,"Customer Service,Sales",CH - MKT - WebshopBanner,,,,,document,Idea,Awaiting Review,"Local, and maybe Group",03/05/2025,https://cloud.uipath.com/lyrecomanagement/DefaultTenant/automationhub_/automation-profile/ch-mkt-webshopbanner,Francesco SONETTO,Francesco SONETTO
SWITZERLAND,IT,CH - CS - KUNO - Kundenorder (Customer Order Processing),,"€15,000.00",480 Hours Per Year,€0.00,document,Live,In Production,"Local, and maybe Group",02/26/2025,https://cloud.uipath.com/lyrecomanagement/DefaultTenant/automationhub_/automation-profile/ch---kuno---kundenorder--customer-order-processing-,Bernd Kretzschmar,Bernd Kretzschmar
SWITZERLAND,IT,CH - CS - MOCCA - Merchandiser Order Company Coffee Automation,,"€15,000.00",480 Hours Per Year,€0.00,document,Live,In Production,Local,02/26/2025,https://cloud.uipath.com/lyrecomanagement/DefaultTenant/automationhub_/automation-profile/mocca---merchandiser-order-company-coffee-automation,Bernd Kretzschmar,Bernd Kretzschmar
DENMARK,Quality,DEN-QSS-Automation of CO2e-tool update,,"€1,875.00",60 Hours Per Year,€0.00,Book1.pdf,Assessment,Not Started,Local,02/26/2025,https://cloud.uipath.com/lyrecomanagement/DefaultTenant/automationhub_/automation-profile/den-qss-automation-of-co2e-tool-update,Christoffer SLOTH,"Christoffer SLOTH, Lars Christensen"
ITALY,IT,IT - MKT - pricing ZM003007 download,,"€6,000.00",192 Hours Per Year,€0.00,document,Assessment,Not Started,"Local, and maybe Group",02/24/2025,https://cloud.uipath.com/lyrecomanagement/DefaultTenant/automationhub_/automation-profile/it---mkt-princing,Carlo Milia,"Carlo Milia, Cristina MEREGALLI, Luca Farina"
BENELUX,IT,BNL - MKT - ZM003071 Inject Product Status Code 98,,"€2,812.50",90 Hours Per Year,€0.00,document,Live,In Production,Local,02/21/2025,https://cloud.uipath.com/lyrecomanagement/DefaultTenant/automationhub_/automation-profile/bnl-mkt-zm003071-inject-product-status-code-98,Wouter Herrrygers,Wouter Herrrygers
CASH,IS,CASH - MKT - Purchase Prices change in SAP,,"€4,500.00",144 Hours Per Year,€0.00,"ZL81-transaction,Input XLS",Live,In Production,"Local, and maybe Group",02/21/2025,https://cloud.uipath.com/lyrecomanagement/DefaultTenant/automationhub_/automation-profile/cash---mkt---purchase-prices-change-in-sap,Eduard SEKERES,Eduard SEKERES
DENMARK,MARKETING,DEN-SAL-Automated extraction for NBS Viewer,,"€1,875.00",60 Hours Per Year,€0.00,document,Live,In Production,Local,02/19/2025,https://cloud.uipath.com/lyrecomanagement/DefaultTenant/automationhub_/automation-profile/den-sal-automated-extraction-for-nbs-viewer,Lars Christensen,"Lars Christensen, Therese SCHLEISNER-PETERSEN, Emil Thrane DAGELYKKE"
GROUP,GIS Innovation,HK - CS - Order reject in RIO - Management of EDI orders rejections,,"€5,250.00",168 Hours Per Year,€0.00,document,Live,In Production,Group,02/18/2025,https://cloud.uipath.com/lyrecomanagement/DefaultTenant/automationhub_/automation-profile/hk---cs---order-reject-in-rio---management-of-edi-orders-rejections,Bruno Bastin,"Bruno Bastin, Quentin Chastin"
GROUP,GIS Innovation,FIN - CS - Order reject in RIO - Management of EDI orders rejections,,"€6,000.00",192 Hours Per Year,€0.00,document,Live,In Production,Group,02/18/2025,https://cloud.uipath.com/lyrecomanagement/DefaultTenant/automationhub_/automation-profile/fin---cs---order-reject-in-rio---management-of-edi-orders-rejections,Bruno Bastin,"Bruno Bastin, Quentin Chastin"
SWEDEN,Customer Unique Specialist,SWE - SC - Return HUD,,"€18,750.00",600 Hours Per Year,€0.00,document,Idea,Awaiting Review,Local,02/18/2025,https://cloud.uipath.com/lyrecomanagement/DefaultTenant/automationhub_/automation-profile/swe---sc---return-hud,SVÄRD Peter,"SVÄRD Peter, Johan SIEDBERG"
SWEDEN,Customer Unique Specialist,SWE - Sales - Email SLA Sales Operations,,"€7,500.00",240 Hours Per Year,€0.00,document,Assessment,Awaiting Review,"Local, and maybe Group",02/18/2025,https://cloud.uipath.com/lyrecomanagement/DefaultTenant/automationhub_/automation-profile/swe---sales---email-sla-sales-operations,SVÄRD Peter,"SVÄRD Peter, Johan SIEDBERG"
BENELUX,IT,BNL - MKT - Extract Product Status Code 99,,"€2,812.50",90 Hours Per Year,€0.00,document,Live,In Production,Local,02/13/2025,https://cloud.uipath.com/lyrecomanagement/DefaultTenant/automationhub_/automation-profile/bnl-mkt-extract-product-status-code-99,Wouter Herrrygers,Wouter Herrrygers
BENELUX,IT,BNL - CS - Vlamboog Data Split,,"€4,500.00",143.9999999999999999999999999999999999999999999999999999999999999 Hours Per Year,€0.00,document,Live,In Production,Local,02/13/2025,https://cloud.uipath.com/lyrecomanagement/DefaultTenant/automationhub_/automation-profile/bnl-cs-vlamboog-data-split,Wouter Herrrygers,Wouter Herrrygers
BENELUX,IT,BNL - MKT/SAL - Pricing Tools Preparation,,"€15,000.00",480 Hours Per Year,€0.00,document,Live,In Production,Local,02/13/2025,https://cloud.uipath.com/lyrecomanagement/DefaultTenant/automationhub_/automation-profile/bnl-mktsal-pricing-tools-preparation,Wouter Herrrygers,Wouter Herrrygers
BENELUX,IT,BNL - SAL - Customer data : White and Blue Collar corrections,,"€2,250.00",72 Hours Per Year,€0.00,document,Live,In Production,"Local, and maybe Group",02/13/2025,https://cloud.uipath.com/lyrecomanagement/DefaultTenant/automationhub_/automation-profile/rpa---bnl-customer-data--white-and-blue-collar-corrections,Benoit Duchesne,"Benoit Duchesne, Sophie Habran"
BENELUX,IT,BNL - SAL - SPW OCR Order intake check ,,"€3,750.00",120 Hours Per Year,€0.00,document,Live,In Production,Local,02/13/2025,https://cloud.uipath.com/lyrecomanagement/DefaultTenant/automationhub_/automation-profile/bnl---spw-ocr-order-intake-check-,Benoit Duchesne,Benoit Duchesne
FRANCE,IS,FR - FI - Facturation Marketing SAP,,"€7,500.00",240 Hours Per Year,€0.00,document,Testing,In Progress,Local,01/15/2025,https://cloud.uipath.com/lyrecomanagement/DefaultTenant/automationhub_/automation-profile/fr-fi-facturation-marketing-sap,Julien PICQUET,Julien PICQUET
DENMARK,MARKETING,DEN-SC-MA numbers in Områdefil,,"€1,875.00",60 Hours Per Year,€0.00,document,Live,In Production,"Local, and maybe Group",01/08/2025,https://cloud.uipath.com/lyrecomanagement/DefaultTenant/automationhub_/automation-profile/denscmanumbersinomrdefil,Lars Christensen,"Lars Christensen, Linda Molnit SCHYTH"
DENMARK,Marketing,DEN - MKT - C01 - Activate a product,,€750.00,24 Hours Per Year,€0.00,document,Live,In Production,Local,12/30/2024,https://cloud.uipath.com/lyrecomanagement/DefaultTenant/automationhub_/automation-profile/c01---activate-a-product,Tina Skroeder OLSEN,"Tina Skroeder OLSEN, Lars Christensen"
GROUP,GIS Innovation,DK - CS - Order reject in RIO - Management of EDI orders reject,,"€18,000.00",576 Hours Per Year,€0.00,document,Live,In Production,Group,12/23/2024,https://cloud.uipath.com/lyrecomanagement/DefaultTenant/automationhub_/automation-profile/dk---cs---order-reject-in-rio---management-of-edi-orders-reject,Bruno Bastin,"Bruno Bastin, Ditte-Maria Skaarup RASMUSSEN, Quentin Chastin"
FRANCE,Marketing,FR - MKT - Loading declaration of conformity data sheets into STEP,,"€1,125.00",36 Hours Per Year,€0.00,Processus de chargement en masse des déclarations de conformité dans STEP.docx,Assessment,In Progress,"Local, and maybe Group",12/20/2024,https://cloud.uipath.com/lyrecomanagement/DefaultTenant/automationhub_/automation-profile/fr---mkt---loading-declaration-of-conformity-data-sheets-into-step,Valentin GUERIN,Valentin GUERIN
FRANCE,Marketing,FR - MKT - Loading size chart sheets into STEP,,"€1,125.00",36 Hours Per Year,€0.00,Processus de chargement en masse des tableau des tailles SC dans STEP.docx,Assessment,Not Started,"Local, and maybe Group",12/20/2024,https://cloud.uipath.com/lyrecomanagement/DefaultTenant/automationhub_/automation-profile/fr---mkt---loading-size-chart-sheets-into-step,Valentin GUERIN,Valentin GUERIN
FRANCE,Marketing,FR - MKT - Loading technical sheets into STEP,,"€1,125.00",36 Hours Per Year,€0.00,Processus de chargement en masse des fiches technique dans STEP.docx,Assessment,Not Started,"Local, and maybe Group",12/19/2024,https://cloud.uipath.com/lyrecomanagement/DefaultTenant/automationhub_/automation-profile/fr---mkt---loading-technical-sheets-into-step,Valentin GUERIN,Valentin GUERIN
FRANCE,Marketing,FR - MKT - Loading instructions for use into STEP,,"€1,125.00",36 Hours Per Year,€0.00,Processus de chargement en masse des fiches d'utilisations dans STEP.docx,Assessment,Not Started,"Local, and maybe Group",12/19/2024,https://cloud.uipath.com/lyrecomanagement/DefaultTenant/automationhub_/automation-profile/fr---mkt---instructions-for-use-into-step,Valentin GUERIN,Valentin GUERIN
DENMARK,MARKETING,DEN-LOG-Direct delivery,,€562.50,18 Hours Per Year,€0.00,direkte leveringer cs.xls,Assessment,Not Started,Local,12/19/2024,https://cloud.uipath.com/lyrecomanagement/DefaultTenant/automationhub_/automation-profile/den-log-direct-delivery,Lars Christensen,"Lars Christensen, Ditte-Maria Skaarup RASMUSSEN"
BENELUX,IT,BNL - MKT - OneShot - MRP Pricing Project,,€0.00,0 Hours Per Year,€500.00,document,Live,In Production,Local,12/16/2024,https://cloud.uipath.com/lyrecomanagement/DefaultTenant/automationhub_/automation-profile/bnl---mkt---oneshot---mrp-pricing-project,Wouter Herrrygers,"Wouter Herrrygers, Niels Bekaert, Benoit Duchesne"
BENELUX,IT,BNL - MKT - Pricing ZM003008 Mass Re-Upload,,"€3,000.00",96 Hours Per Year,€0.00,document,Live,In Production,Local,12/16/2024,https://cloud.uipath.com/lyrecomanagement/DefaultTenant/automationhub_/automation-profile/bnl-mkt-pricing-zm003008-mass-re-upload,Wouter Herrrygers,"Wouter Herrrygers, Severine Merlin"
CASH,IS,CASH - GLS Shipment,,"€75,000.00",2400 Hours Per Year,€0.00,document,Live,In Production,"Local, and maybe Group",12/16/2024,https://cloud.uipath.com/lyrecomanagement/DefaultTenant/automationhub_/automation-profile/cash---gls-shipment,Eduard SEKERES,Eduard SEKERES
DENMARK,Quality,DEN-QSS-Check of Hazard-sentences ,,"€1,000.00",32 Hours Per Year,€0.00,document,Qualification,Awaiting Review,"Local, and maybe Group",12/11/2024,https://cloud.uipath.com/lyrecomanagement/DefaultTenant/automationhub_/automation-profile/denqsstjekaffarestninger,Christoffer SLOTH,"Christoffer SLOTH, Lars Christensen"
DENMARK,Marketing,DEN-MKT-98/99 markings_Ver2,,"€1,500.00",48 Hours Per Year,€0.00,document,Live,In Production,Local,12/11/2024,https://cloud.uipath.com/lyrecomanagement/DefaultTenant/automationhub_/automation-profile/den-mkt-9899-markings-ver2,Tina Skroeder OLSEN,"Tina Skroeder OLSEN, Lars Christensen"
BENELUX,IT,BNL - CX Data Insights - Update Deals Customer Order,,"€3,000.00",96 Hours Per Year,€0.00,document,Live,In Production,Local,11/29/2024,https://cloud.uipath.com/lyrecomanagement/DefaultTenant/automationhub_/automation-profile/bnl---cx-data-insights---update-deals-customer-order,Wouter Herrrygers,"Wouter Herrrygers, Niels Bekaert"
DENMARK,Marketing,DEN-MKT-SKI KATALOG 9895,,€750.00,24 Hours Per Year,€0.00,document,Live,In Production,Local,11/25/2024,https://cloud.uipath.com/lyrecomanagement/DefaultTenant/automationhub_/automation-profile/den-mkt-ski-cmc-to-catalogue,Louise WOLFF,"Lars Christensen, Louise WOLFF"
SWEDEN,Customer Unique Specialist,SWE - MKT - Add certifications in Item Creation Tool,,"€22,500.00",720 Hours Per Year,€0.00,document,Idea,Awaiting Review,Local,11/21/2024,https://cloud.uipath.com/lyrecomanagement/DefaultTenant/automationhub_/automation-profile/add-certifications-in-item-creation-tool,SVÄRD Peter,"SVÄRD Peter, Johan SIEDBERG"
SWEDEN,Customer Unique Specialist,SWE - SC - Automate Region Quotas in Netshop Admin (Carlsberg),,"€1,875.00",60 Hours Per Year,€0.00,document,Idea,Awaiting Review,Local,11/21/2024,https://cloud.uipath.com/lyrecomanagement/DefaultTenant/automationhub_/automation-profile/automate-region-quotas-in-netshop-admin--carlsberg-,SVÄRD Peter,SVÄRD Peter
DENMARK,Marketing,DEN-MKT-NS- Reverse flow of   Automatic flow in Nonstock DK  - Mark for deletion -  ,,"€23,625.00",756 Hours Per Year,€0.00,document,Live,In Production,Local,11/21/2024,https://cloud.uipath.com/lyrecomanagement/DefaultTenant/automationhub_/automation-profile/den-mkt-ns--reverse-flow-of---automatic-flow-in-nonstock-dk----mark-for-deletion----,Jeanette CLAUSEN,"Jeanette CLAUSEN, Lars Christensen"
DENMARK,Marketing,DEN-MKT-PICTURE CHANGE FROM PNG TO JPG AND UPLOAD,,"€45,000.00",1440 Hours Per Year,€0.00,document,Live,In Production,Local,11/18/2024,https://cloud.uipath.com/lyrecomanagement/DefaultTenant/automationhub_/automation-profile/den-mkt-picture-change-from-png-to-jpg-and-upload,Louise WOLFF,"Louise WOLFF, Lars Christensen"
DENMARK,Marketing,DEN-MKT-SKI-LINKS,,"€45,000.00",1440 Hours Per Year,€0.00,document,Live,In Production,Local,11/14/2024,https://cloud.uipath.com/lyrecomanagement/DefaultTenant/automationhub_/automation-profile/den-mkt-ski-links,Louise WOLFF,"Louise WOLFF, Lars Christensen"
DENMARK,"Customer Service,Coffee Services",DEN-CS-HIERARCHY LINK,,"€18,750.00",600 Hours Per Year,€0.00,document,Assessment,Not Started,"Local, and maybe Group",11/13/2024,https://cloud.uipath.com/lyrecomanagement/DefaultTenant/automationhub_/automation-profile/den-cs-hierarchy-link,Melissa Anja MUNKEDAL,"Melissa Anja MUNKEDAL, Lars Christensen"
BENELUX,IT,BNL - CS ISF - Boels XLSX ordering to EDI,,"€6,000.00",192 Hours Per Year,€0.00,document,Live,In Production,Local,10/31/2024,https://cloud.uipath.com/lyrecomanagement/DefaultTenant/automationhub_/automation-profile/bnl---cs-isf---boels-xlsx-ordering-to-edi,Benoit Duchesne,Benoit Duchesne
DENMARK,Customer Service,DEN-CS-IWG_PLC-PO,,"€3,750.00",120 Hours Per Year,€0.00,document,Live,In Production,"Local, and maybe Group",10/31/2024,https://cloud.uipath.com/lyrecomanagement/DefaultTenant/automationhub_/automation-profile/den-cs-iwg-plc-po,Ditte-Maria Skaarup RASMUSSEN,"Ditte-Maria Skaarup RASMUSSEN, Lars Christensen"
GROUP,IS,GRP - IS - P2P Approval Matrix - Release strategy automation,,"€15,000.00",480 Hours Per Year,€0.00,"SOP 024 Approval Matrix HQ (PO, VIM) - Rel. strategy.docx,document",Development,In Progress,Group,10/30/2024,https://cloud.uipath.com/lyrecomanagement/DefaultTenant/automationhub_/automation-profile/p2p-approval-matrix---release-strategy-automatation,Marek ROMANSKI,Marek ROMANSKI
POLAND,"Customer Service,Sales",POL - IT - mBank OCR orders,,"€18,750.00",600 Hours Per Year,€0.00,"Orders examples,document",Assessment,Not Started,Local,10/30/2024,https://cloud.uipath.com/lyrecomanagement/DefaultTenant/automationhub_/automation-profile/pol---it---mbank-ocr-orders,Marcin STEPIEN,Marcin STEPIEN
GROUP,Finance,GRP - FIN - CM figures extraction form SAP,,"€375,000.00",12000 Hours Per Year,€0.00,document,Assessment,Not Started,Group,10/29/2024,https://cloud.uipath.com/lyrecomanagement/DefaultTenant/automationhub_/automation-profile/cm-figures-extraction-form-sap,Lev PAVLYSHYN,Lev PAVLYSHYN
CASH,IS,CASH - 34-CS-Invoice_Match_Strabag,,€0.00,0 Hours Per Year,€0.00,document,Live,In Production,Local,10/28/2024,https://cloud.uipath.com/lyrecomanagement/DefaultTenant/automationhub_/automation-profile/cash---34-cs-invoice-match-strabag,Eduard SEKERES,Eduard SEKERES
CASH,IS,CASH - CS - Data Control - Submission Check,,"€2,812.50",90 Hours Per Year,€0.00,Submission Check PDF,Live,In Production,Local,10/28/2024,https://cloud.uipath.com/lyrecomanagement/DefaultTenant/automationhub_/automation-profile/cash---cs---data-control---submission-check,Eduard SEKERES,Eduard SEKERES
BENELUX,IT,BNL - MKT - MM0045 clean and upload in sharepoint,,"€3,750.00",120 Hours Per Year,€0.00,document,Live,In Production,Local,10/25/2024,https://cloud.uipath.com/lyrecomanagement/DefaultTenant/automationhub_/automation-profile/bnl---mkt---mm0045-clean-and-upload-in-sharepoint,Benoit Duchesne,Benoit Duchesne
BENELUX,IT,BNL - MKT - Pricelist Preparation,,"€15,000.00",480 Hours Per Year,€0.00,document,Live,In Production,Local,10/25/2024,https://cloud.uipath.com/lyrecomanagement/DefaultTenant/automationhub_/automation-profile/bnl-mkt-pricelist-preparation,Wouter Herrrygers,Wouter Herrrygers
BENELUX,IT,"BNL - CS - Delete backorder lines, key in alternative",,"€6,000.00",192 Hours Per Year,€0.00,,Live,In Production,,10/25/2024,https://cloud.uipath.com/lyrecomanagement/DefaultTenant/automationhub_/automation-profile/bnl---cs---delete-backorder-lines-key-in-alternative,Benoit Duchesne,Benoit Duchesne
DENMARK,Customer Service,DEN-CS-JOHNSON_CONTROLS-PO,,"€2,250.00",72 Hours Per Year,€0.00,document,Live,In Production,"Local, and maybe Group",10/23/2024,https://cloud.uipath.com/lyrecomanagement/DefaultTenant/automationhub_/automation-profile/den-cs-johnson-controls-po,Ditte-Maria Skaarup RASMUSSEN,"Ditte-Maria Skaarup RASMUSSEN, Lars Christensen"
BENELUX,IT,BNL - LOG - [ATTENDED] Bpost Label creation,,"€30,000.00",960 Hours Per Year,€0.00,document,Live,In Production,Local,10/18/2024,https://cloud.uipath.com/lyrecomanagement/DefaultTenant/automationhub_/automation-profile/bnllogattendedbpostlabelcreation,Benoit Duchesne,Benoit Duchesne
BENELUX,IT,BNL - GEN - External Shared File WebV2,,"€1,500.00",48 Hours Per Year,€0.00,document,Live,In Production,Local,10/18/2024,https://cloud.uipath.com/lyrecomanagement/DefaultTenant/automationhub_/automation-profile/bnl-gen-external-shared-file-webv2,Wouter Herrrygers,Wouter Herrrygers
BENELUX,IT,BNL - CS ISF - Communicate daily backorder list,,"€9,000.00",288 Hours Per Year,€0.00,document,Live,In Production,Local,10/18/2024,https://cloud.uipath.com/lyrecomanagement/DefaultTenant/automationhub_/automation-profile/bnl---cs-isf---communicate-daily-backorder-list,Benoit Duchesne,Benoit Duchesne
BENELUX,IT,BNL - P&C - Personnels accounts creation in SAP - Personnal use,,€375.00,12 Hours Per Year,€0.00,document,Live,In Production,Local,10/18/2024,https://cloud.uipath.com/lyrecomanagement/DefaultTenant/automationhub_/automation-profile/bnlpcpersonnelsaccountscreationinsappersonnaluse,Benoit Duchesne,Benoit Duchesne
BENELUX,IT,BNL - MKT - Delisted Items DB Update,,"€1,875.00",60 Hours Per Year,€0.00,document,Live,In Production,Local,10/18/2024,https://cloud.uipath.com/lyrecomanagement/DefaultTenant/automationhub_/automation-profile/bnl---mkt---delisted-items-db-update,Benoit Duchesne,Benoit Duchesne
BENELUX,IT,BNL - GEN - OneShot - Tender Data Preparation/Split,,€0.00,0 Hours Per Year,€250.00,document,Live,In Production,Local,10/18/2024,https://cloud.uipath.com/lyrecomanagement/DefaultTenant/automationhub_/automation-profile/bnl---gen---oneshot---tender-data-preparationsplit,Wouter Herrrygers,Wouter Herrrygers
BENELUX,IT,BNL - CS - Update Webshop users - SCHOOLS Team ,,"€1,500.00",48 Hours Per Year,€0.00,document,Live,In Production,Local,10/18/2024,https://cloud.uipath.com/lyrecomanagement/DefaultTenant/automationhub_/automation-profile/bnl---cs---update-webshop-users---schools-team-,Benoit Duchesne,Benoit Duchesne
BENELUX,IT,BNL - CS - Update route code in Orders,,"€15,000.00",480 Hours Per Year,€0.00,document,Live,In Production,Local,10/18/2024,https://cloud.uipath.com/lyrecomanagement/DefaultTenant/automationhub_/automation-profile/bnl---cs---update-route-code-in-orders,Benoit Duchesne,Benoit Duchesne
BENELUX,IT,BNL - CS - Change price date in Order,,€500.00,15.99999999999999999999999999999999999999999999999999999999999999 Hours Per Year,€0.00,document,Live,In Production,Local,10/18/2024,https://cloud.uipath.com/lyrecomanagement/DefaultTenant/automationhub_/automation-profile/bnl---cs---change-price-date-in-order,Benoit Duchesne,Benoit Duchesne
BENELUX,IT,BNL - FI - SupInv Post Processing & Archiving,,"€7,500.00",240 Hours Per Year,€0.00,L RPA SUPPLIERINVOICING - Process Documentation.pdf,Live,In Production,Local,10/18/2024,https://cloud.uipath.com/lyrecomanagement/DefaultTenant/automationhub_/automation-profile/bnlfisupinvpostprocessingarchiving,Wouter Herrrygers,Wouter Herrrygers
BENELUX,IT,BNL - CS - Cancel Orderlines and key in Alternatives,,"€7,500.00",240 Hours Per Year,€0.00,document,Live,In Production,Local,10/18/2024,https://cloud.uipath.com/lyrecomanagement/DefaultTenant/automationhub_/automation-profile/bnl---cs---cancel-orderlines-and-key-in-alternatives,Benoit Duchesne,Benoit Duchesne
BENELUX,IT,BNL - LOG - Goods In Disputes DB,,"€2,250.00",72 Hours Per Year,€0.00,document,Live,In Production,Local,10/18/2024,https://cloud.uipath.com/lyrecomanagement/DefaultTenant/automationhub_/automation-profile/bnl---log---goods-in-disputes-db,Benoit Duchesne,"Benoit Duchesne, Vincent Delhez"
BENELUX,IT,BNL - LOG - [ATTENDED] DHL Label creation,,"€26,250.00",840 Hours Per Year,€0.00,DHL Process.jpg,Live,In Production,Local,10/18/2024,https://cloud.uipath.com/lyrecomanagement/DefaultTenant/automationhub_/automation-profile/bnl---log---dhl-label-creation,Benoit Duchesne,Benoit Duchesne
BENELUX,IT,BNL - LOG - Intrastat Import Correct Supplier PO's,,"€9,750.00",312 Hours Per Year,€0.00,document,Live,In Production,Local,10/18/2024,https://cloud.uipath.com/lyrecomanagement/DefaultTenant/automationhub_/automation-profile/bnl---intrastat-import-correct-supplier-pos,Benoit Duchesne,Benoit Duchesne
BENELUX,IT,BNL - FI - Intrastat Import preparation,,€375.00,12 Hours Per Year,€0.00,document,Live,In Production,Local,10/18/2024,https://cloud.uipath.com/lyrecomanagement/DefaultTenant/automationhub_/automation-profile/bnl---intrastat-import-preparation,Benoit Duchesne,Benoit Duchesne
FRANCE,IS,FR - MKT - Pcon planner render automation,,"€63,000.00",2016 Hours Per Year,€0.00,document,Live,In Production,Local,10/17/2024,https://cloud.uipath.com/lyrecomanagement/DefaultTenant/automationhub_/automation-profile/pcon-planner-render-automation,Julien PICQUET,Julien PICQUET
POLAND,"Customer Service,Sales",POL - FIN - Payers blocking,,€112.50,3.6 Hours Per Year,€0.00,document,Assessment,Not Started,"Local, and maybe Group",10/16/2024,https://cloud.uipath.com/lyrecomanagement/DefaultTenant/automationhub_/automation-profile/payers-blocking,Magdalena MAKUCH,"Magdalena MAKUCH, Thomas DELOS"
DENMARK,MARKETING,DEN-P&C-Upload of approved contracts,,€750.00,24 Hours Per Year,€0.00,document,Assessment,Not Started,"Local, and maybe Group",10/14/2024,https://cloud.uipath.com/lyrecomanagement/DefaultTenant/automationhub_/automation-profile/denpcuploadofapprovedcontracts,Lars Christensen,Lars Christensen
GROUP,Finance,GRP - FIN - Local file automatisation,,"€8,906.25",285 Hours Per Year,€0.00,document,Assessment,Archived,Group,10/11/2024,https://cloud.uipath.com/lyrecomanagement/DefaultTenant/automationhub_/automation-profile/local-file-automatisation,Stephanie WROBLEWSKI,Stephanie WROBLEWSKI
FRANCE,IS,FR - FIN - E-Attestations,,"€52,500.00",1680 Hours Per Year,€0.00,document,Assessment,Not Started,Local,10/04/2024,https://cloud.uipath.com/lyrecomanagement/DefaultTenant/automationhub_/automation-profile/fr---fin-e-attestations,Julien PICQUET,Julien PICQUET
FRANCE,Marketing,FR - MKT - Analysis and monitoring of anomalies between marketing tools and SAP,,"€7,500.00",240 Hours Per Year,€0.00,"Ticket EASY Vista.docx,Extraction MM45.docx,Extraction Bible France.docx,Documentation fichier de contrôle .docx",Assessment,Rejected,Local,10/03/2024,https://cloud.uipath.com/lyrecomanagement/DefaultTenant/automationhub_/automation-profile/fr---mkt---analysis-and-monitoring-of-anomalies-between-marketing-tools-and-sap,Valentin GUERIN,Valentin GUERIN
DENMARK,Marketing,DK-MKT-Step 0 in SA pricing,,"€9,000.00",288 Hours Per Year,€0.00,document,Assessment,Not Started,Local,10/02/2024,https://cloud.uipath.com/lyrecomanagement/DefaultTenant/automationhub_/automation-profile/dk---mkt---step-0-i-sa-pricing,Danny PEDERSEN,"Danny PEDERSEN, Lars Christensen"
GROUP,IS,GRP - IS - Mass homepage upload,,"€375,000.00",12000 Hours Per Year,€0.00,document,Analysis,On Hold,Group,10/02/2024,https://cloud.uipath.com/lyrecomanagement/DefaultTenant/automationhub_/automation-profile/mass-homepage-upload,Cyril BAUDUIN,Cyril BAUDUIN
BENELUX,IT,BNL - FI - Intersafe Supplier Invoicing Integration,,"€114,000.00",3648 Hours Per Year,€0.00,document,Live,In Production,Local,10/02/2024,https://cloud.uipath.com/lyrecomanagement/DefaultTenant/automationhub_/automation-profile/bnl-fi-intersafe-supplier-invoicing-integration,Wouter Herrrygers,Wouter Herrrygers
SWEDEN,Customer Unique Specialist,SWE - CS - Open Orders,,"€30,000.00",960 Hours Per Year,€0.00,document,Idea,Duplicate,Local,10/01/2024,https://cloud.uipath.com/lyrecomanagement/DefaultTenant/automationhub_/automation-profile/swe---cs---open-orders,SVÄRD Peter,"SVÄRD Peter, Johan SIEDBERG"
DENMARK,Marketing,DEN-MKT-Flow for Trade Planner,,€750.00,24 Hours Per Year,€0.00,document,Live,In Production,Local,09/30/2024,https://cloud.uipath.com/lyrecomanagement/DefaultTenant/automationhub_/automation-profile/flow-med-microsoft-power-automate---til-trade-planner,Jimmi PETERSEN,"Jimmi PETERSEN, Lars Christensen"
DENMARK,Sales,DEN-SAL-DELEVERY FEE FOR NEWBUISS,,"€7,500.00",240 Hours Per Year,€0.00,document,Solution Design,In Progress,"Local, and maybe Group",09/27/2024,https://cloud.uipath.com/lyrecomanagement/DefaultTenant/automationhub_/automation-profile/den-sal-deleveryfee-for-newbuiss,Lisa Van Urk JANSEN,"Lisa Van Urk JANSEN, Lars Christensen"
FRANCE,IS,FR - SC - SSL & Penalities calculation,,"€15,000.00",480 Hours Per Year,€0.00,document,Live,In Production,Group,09/25/2024,https://cloud.uipath.com/lyrecomanagement/DefaultTenant/automationhub_/automation-profile/sslpenalitiescalculation,Aline TURPIN,"Aline TURPIN, Vincent Furic, Bruno Bastin, Dimitri Degroise"
SWEDEN,Customer Unique Specialist,SWE - BA - V.10 Agreement import ,,"€15,000.00",480 Hours Per Year,€0.00,document,Idea,Awaiting Review,Local,09/23/2024,https://cloud.uipath.com/lyrecomanagement/DefaultTenant/automationhub_/automation-profile/swe---ba---v-10-agreement-import-,SVÄRD Peter,"SVÄRD Peter, Johan SIEDBERG"
SWEDEN,Customer Unique Specialist,SWE - FD - Block List,,€0.00,0 Hours Per Year,€0.00,document,Idea,Awaiting Review,Local,09/23/2024,https://cloud.uipath.com/lyrecomanagement/DefaultTenant/automationhub_/automation-profile/swe---fd---block-list,SVÄRD Peter,"SVÄRD Peter, Johan SIEDBERG"
SWEDEN,Customer Unique Specialist,SWE - FD - Setting Customer Limits (post migration Netshop),,€0.00,0 Hours Per Year,€0.00,document,Idea,Awaiting Review,Local,09/23/2024,https://cloud.uipath.com/lyrecomanagement/DefaultTenant/automationhub_/automation-profile/swe---fd---setting-customer-limits--post-migration-netshop-,SVÄRD Peter,"SVÄRD Peter, Johan SIEDBERG"
SWEDEN,Customer Unique Specialist,SWE - PM - Update search words (ZBOM) ,,€0.00,0 Hours Per Year,€0.00,document,Idea,Awaiting Review,Local,09/23/2024,https://cloud.uipath.com/lyrecomanagement/DefaultTenant/automationhub_/automation-profile/swe---pm---update-search-words--zbom--,SVÄRD Peter,"SVÄRD Peter, Johan SIEDBERG"
SWEDEN,Customer Unique Specialist,SWE - PM - Material visible Netshop,,€0.00,0 Hours Per Year,€0.00,document,Idea,Awaiting Review,Local,09/23/2024,https://cloud.uipath.com/lyrecomanagement/DefaultTenant/automationhub_/automation-profile/swe---pm---material-visible-netshop,SVÄRD Peter,"SVÄRD Peter, Johan SIEDBERG"
SWEDEN,Customer Unique Specialist,SWE - FD - Invoice Copy,,"€7,500.00",240 Hours Per Year,€0.00,document,Idea,Awaiting Review,Local,09/23/2024,https://cloud.uipath.com/lyrecomanagement/DefaultTenant/automationhub_/automation-profile/swe---fd---invoice-copy,SVÄRD Peter,"SVÄRD Peter, Johan SIEDBERG"
SWEDEN,Customer Unique Specialist,SWE - PM - Search Words Oulet,,"€1,125.00",36 Hours Per Year,€0.00,document,Idea,Awaiting Review,Local,09/23/2024,https://cloud.uipath.com/lyrecomanagement/DefaultTenant/automationhub_/automation-profile/swe---pm---search-words-oulet,SVÄRD Peter,"SVÄRD Peter, Johan SIEDBERG"
SWEDEN,Customer Unique Specialist,SWE - PM - Campaign Prices Import Tool,,€862.50,27.6 Hours Per Year,€0.00,document,Idea,Awaiting Review,Local,09/23/2024,https://cloud.uipath.com/lyrecomanagement/DefaultTenant/automationhub_/automation-profile/swe---pm---campaign-prices-import-tool,SVÄRD Peter,"SVÄRD Peter, Johan SIEDBERG"
DENMARK,Quality,DEN-QSS-Mail to multiple suppliers,,€250.00,8 Hours Per Year,€0.00,document,Assessment,Not Started,"Local, and maybe Group",09/20/2024,https://cloud.uipath.com/lyrecomanagement/DefaultTenant/automationhub_/automation-profile/den-qss-mail-to-multiple-suppliers,Christoffer SLOTH,"Christoffer SLOTH, Lars Christensen"
POLAND,"Customer Service,Coffee Services",POL - CC - New Customer Onboarding process,,"€15,000.00",480 Hours Per Year,€0.00,document,Assessment,Not Started,"Local, and maybe Group",09/19/2024,https://cloud.uipath.com/lyrecomanagement/DefaultTenant/automationhub_/automation-profile/pol-cc-new-customer-onboarding-process,Katarzyna WISNIEWSKA,Katarzyna WISNIEWSKA
DENMARK,Quality,DEN-QSS-GWPupdate new products,,"€1,125.00",36 Hours Per Year,€0.00,document,Assessment,Not Started,Local,09/19/2024,https://cloud.uipath.com/lyrecomanagement/DefaultTenant/automationhub_/automation-profile/den-qss-gwpupdate-new-products,Christoffer SLOTH,"Christoffer SLOTH, Lars Christensen"
DENMARK,Quality,DEN-QSS-monthly co2 update,,€375.00,12 Hours Per Year,€0.00,Electricity Report.xlsx,Assessment,Not Started,Local,09/19/2024,https://cloud.uipath.com/lyrecomanagement/DefaultTenant/automationhub_/automation-profile/den-qss-monthly-co2-update,Christoffer SLOTH,"Christoffer SLOTH, Lars Christensen"
POLAND,Customer Service PL,POL - CC  Sending signed double delivery notes with invoices to the customers,,"€30,000.00",960 Hours Per Year,€0.00,Providing signed delivery documents with invoices.docx,Assessment,Not Started,"Local, and maybe Group",09/18/2024,https://cloud.uipath.com/lyrecomanagement/DefaultTenant/automationhub_/automation-profile/pol---cc--sending-signed-duble-delivery-notes-with-invoices-to-the-customers,Justyna Kowalik,Justyna Kowalik
DENMARK,Marketing,DEN-MKT-Washroom offer calculation tool,,€0.00,0 Hours Per Year,€0.00,document,Assessment,Not Started,"Local, and maybe Group",09/18/2024,https://cloud.uipath.com/lyrecomanagement/DefaultTenant/automationhub_/automation-profile/washroom-offer-calculation-tool,Eva Bech LYNGGAARD,"Eva Bech LYNGGAARD, Lars Christensen"
SWEDEN,Customer Unique Specialist,SWE - CS - Nespresso Subscription Orders,,€0.00,0 Hours Per Year,€0.00,document,Idea,Awaiting Review,Local,09/17/2024,https://cloud.uipath.com/lyrecomanagement/DefaultTenant/automationhub_/automation-profile/swe---cs---nespresso-subscription-orders,SVÄRD Peter,"SVÄRD Peter, Johan SIEDBERG"
SWEDEN,Customer Unique Specialist,SWE - CS - Email updated Order Confirmation,,"€15,000.00",480 Hours Per Year,€0.00,document,Idea,Awaiting Review,Local,09/17/2024,https://cloud.uipath.com/lyrecomanagement/DefaultTenant/automationhub_/automation-profile/swe---cs---email-updated-order-confirmation,SVÄRD Peter,"SVÄRD Peter, Johan SIEDBERG"
SWEDEN,Customer Unique Specialist,SWE - CS - Nespresso Spare Part Price Update,,"€4,875.00",156 Hours Per Year,€0.00,Business Case.docx,Idea,Awaiting Review,Local,09/17/2024,https://cloud.uipath.com/lyrecomanagement/DefaultTenant/automationhub_/automation-profile/swe---cs---nespresso-spare-part-price-update,SVÄRD Peter,"SVÄRD Peter, Johan SIEDBERG"
SWEDEN,Customer Unique Specialist,SWE - CS - 48h Email Reminder to close Saleforce case,,"€15,000.00",480 Hours Per Year,€0.00,document,Idea,Awaiting Review,Local,09/17/2024,https://cloud.uipath.com/lyrecomanagement/DefaultTenant/automationhub_/automation-profile/swe---cs---48h-email-reminder-to-close-saleforce-case,SVÄRD Peter,"SVÄRD Peter, Johan SIEDBERG"
SWEDEN,Customer Unique Specialist,SWE - CS - Customer Initiated Return,,"€41,250.00",1320 Hours Per Year,€0.00,document,Qualification,Approved,Local,09/17/2024,https://cloud.uipath.com/lyrecomanagement/DefaultTenant/automationhub_/automation-profile/swe---cs---customer-initiated-return,SVÄRD Peter,"SVÄRD Peter, Johan SIEDBERG"
SWEDEN,Customer Unique Specialist,SWE - CS - OCR Read Manual Order,,"€45,000.00",1440 Hours Per Year,€0.00,document,Live,In Production,Local,09/17/2024,https://cloud.uipath.com/lyrecomanagement/DefaultTenant/automationhub_/automation-profile/swe---cs---ocr-read-manual-order,SVÄRD Peter,"SVÄRD Peter, Johan SIEDBERG"
DENMARK,MARKETING,DEN-SAL-Pricelists,,"€7,500.00",240 Hours Per Year,€0.00,document,Assessment,Not Started,"Local, and maybe Group",09/16/2024,https://cloud.uipath.com/lyrecomanagement/DefaultTenant/automationhub_/automation-profile/den-sal-pricelists,Lars Christensen,"Lars Christensen, Ghita GRAND"
DENMARK,MARKETING,DEN-SAL-Customer reports,,"€1,500.00",48 Hours Per Year,€0.00,document,Assessment,Not Started,Local,09/16/2024,https://cloud.uipath.com/lyrecomanagement/DefaultTenant/automationhub_/automation-profile/den-sal-customer-reports,Lars Christensen,"Lars Christensen, Ghita GRAND"
DENMARK,MARKETING,DEN-SAL-Customer rebate,,"€1,250.00",40 Hours Per Year,€0.00,document,Assessment,Not Started,"Local, and maybe Group",09/16/2024,https://cloud.uipath.com/lyrecomanagement/DefaultTenant/automationhub_/automation-profile/den-sal-customer-rebate,Lars Christensen,"Lars Christensen, Ghita GRAND"
DENMARK,"Sales,Marketing",DEN-SAL-Save mail/file project,,"€7,500.00",240 Hours Per Year,€0.00,"document,document",Assessment,Not Started,Local,09/16/2024,https://cloud.uipath.com/lyrecomanagement/DefaultTenant/automationhub_/automation-profile/den-sal-save-mailfile-project,Gert Green JAKOBSEN,"Gert Green JAKOBSEN, Lars Christensen"
DENMARK,"Customer Service,Coffee Services",DEN-CS-SCANDLINES-ORDER,,"€7,500.00",240 Hours Per Year,€0.00,"scandlies flow.pdf,document",Live,In Production,Local,09/13/2024,https://cloud.uipath.com/lyrecomanagement/DefaultTenant/automationhub_/automation-profile/den-cs-scandlines-order,Helen TIMRELL,"Helen TIMRELL, Lars Christensen, Louise MOEBIUS"
DENMARK,"Customer Service,Coffee Services",DEN-CS-APPLUS-ORDER,,"€7,500.00",240 Hours Per Year,€0.00,document,Live,In Production,Local,09/13/2024,https://cloud.uipath.com/lyrecomanagement/DefaultTenant/automationhub_/automation-profile/den-cs-applus-order,Helen TIMRELL,"Helen TIMRELL, Lars Christensen, Louise MOEBIUS"
DENMARK,"Customer Service,Coffee Services",DEN-CS-DSB-ORDER,,"€7,500.00",240 Hours Per Year,€0.00,document,Live,In Production,Local,09/13/2024,https://cloud.uipath.com/lyrecomanagement/DefaultTenant/automationhub_/automation-profile/den-cs-dsb-order,Helen TIMRELL,"Helen TIMRELL, Lars Christensen, Louise MOEBIUS"
DENMARK,"Customer Service,Coffee Services",DEN-CS-AHLSELL-ORDER,,"€7,500.00",240 Hours Per Year,€0.00,document,Live,In Production,Local,09/13/2024,https://cloud.uipath.com/lyrecomanagement/DefaultTenant/automationhub_/automation-profile/den-cs-ahlsell-order,Helen TIMRELL,"Helen TIMRELL, Lars Christensen, Louise MOEBIUS"
DENMARK,"Customer Service,Coffee Services",DEN-CS-NYKREDIT-ORDER,,"€7,500.00",240 Hours Per Year,€0.00,document,Live,In Production,Local,09/13/2024,https://cloud.uipath.com/lyrecomanagement/DefaultTenant/automationhub_/automation-profile/den-cs-nykredit-order,Helen TIMRELL,"Helen TIMRELL, Lars Christensen, Louise MOEBIUS"
DENMARK,Sales,DEN-SAL-VBA programing for masterfile,,"€1,500.00",48 Hours Per Year,€0.00,"Vejledning Masterfile.xlsx,Masterfile MOTOR non binær.xlsx",Assessment,Not Started,Local,09/12/2024,https://cloud.uipath.com/lyrecomanagement/DefaultTenant/automationhub_/automation-profile/den-sal-vba-programing-for-masterfile,Emil Thrane DAGELYKKE,"Mick FROESLEV, Lars Christensen, Emil Thrane DAGELYKKE"
SWEDEN,Customer Unique Specialist,SWE - FD - Internal CR-DR Settlement,,"€3,750.00",120 Hours Per Year,€0.00,document,Live,In Production,Local,09/09/2024,https://cloud.uipath.com/lyrecomanagement/DefaultTenant/automationhub_/automation-profile/swe---fd---internal-cr-dr-settlement,SVÄRD Peter,"SVÄRD Peter, Johan SIEDBERG"
SWEDEN,Customer Unique Specialist,SWE - CS - Intershop to Netshop,,"€6,562.50",210 Hours Per Year,€0.00,document,Live,Decommissioned,"Local, and maybe Group",08/28/2024,https://cloud.uipath.com/lyrecomanagement/DefaultTenant/automationhub_/automation-profile/swe---cs---intershop-to-netshop,SVÄRD Peter,"SVÄRD Peter, Johan SIEDBERG"
SWEDEN,Customer Unique Specialist,SWE - FD - Dunning Fee,,"€2,250.00",72 Hours Per Year,€0.00,document,Live,In Production,"Local, and maybe Group",08/28/2024,https://cloud.uipath.com/lyrecomanagement/DefaultTenant/automationhub_/automation-profile/swe---fd---dunning-fee,SVÄRD Peter,"SVÄRD Peter, Johan SIEDBERG"
BENELUX,IT,BNL -  MKT - Ad-hoc & Scheduled MM0045 Report Generation,,"€7,500.00",240 Hours Per Year,€0.00,document,Live,In Production,Local,08/23/2024,https://cloud.uipath.com/lyrecomanagement/DefaultTenant/automationhub_/automation-profile/bnlmktadhocscheduledmm0045reportgeneration,Wouter Herrrygers,"Wouter Herrrygers, Jorien PEETERS"
DENMARK,Finance,DEN-FIN-Incoming invoices (creditors) - RE bilag,,"€45,000.00",1440 Hours Per Year,€0.00,document,Live,In Production,"Local, and maybe Group",08/22/2024,https://cloud.uipath.com/lyrecomanagement/DefaultTenant/automationhub_/automation-profile/den-fin-incoming-invoices--creditors----re-bilag,Eva NEUHAUSEN,"Eva NEUHAUSEN, Lars Christensen, Randi Stendal ANDERSEN"
DENMARK,Finance,DEN-FIN-FSC - Control on invoice,,"€3,750.00",120 Hours Per Year,€0.00,document,Assessment,Not Started,Local,08/22/2024,https://cloud.uipath.com/lyrecomanagement/DefaultTenant/automationhub_/automation-profile/fsc---control-on-invoice,Eva NEUHAUSEN,"Eva NEUHAUSEN, Lars Christensen"
DENMARK,Marketing,DEN-MKT-Transfer file til Google Cloud Storage,,"€2,250.00",72 Hours Per Year,€0.00,document,Live,In Production,"Local, and maybe Group",08/21/2024,https://cloud.uipath.com/lyrecomanagement/DefaultTenant/automationhub_/automation-profile/transfer-file-til-goggle-cloud-storage,Dennis Roemer JENSEN,"Dennis Roemer JENSEN, Lars Christensen, Kim Jagd FREDERIKSEN"
ITALY,IT,IT Edito - save&publish codes,,"€1,250.00",40 Hours Per Year,€0.00,document,Live,Ready for Production,"Local, and maybe Group",08/21/2024,https://cloud.uipath.com/lyrecomanagement/DefaultTenant/automationhub_/automation-profile/iteditosavepublishcodes,Carlo Milia,Carlo Milia
CASH,IS,CASH  - Sales Support - Evening report for Sales,,"€3,750.00",120 Hours Per Year,€0.00,document,Live,In Production,Local,08/14/2024,https://cloud.uipath.com/lyrecomanagement/DefaultTenant/automationhub_/automation-profile/cash----sales-support---evening-report-for-sales,Eduard SEKERES,Eduard SEKERES
GROUP,Finance,GRP-LEGAL-NDA TEMPLATE,,"€5,625.00",180 Hours Per Year,€0.00,document,Development,In Progress,Group,08/08/2024,https://cloud.uipath.com/lyrecomanagement/DefaultTenant/automationhub_/automation-profile/grp-legal-nda-template,Anthony PROCOT,"Anthony PROCOT, Quentin Chastin"
CASH,IS,CASH - FIN - ReFIS - Supplier Mail comparison,,"€3,750.00",120 Hours Per Year,€0.00,document,Development,Cancelled,Local,07/26/2024,https://cloud.uipath.com/lyrecomanagement/DefaultTenant/automationhub_/automation-profile/cash---fin---refis---supplier-mail-comparison,Eduard SEKERES,Eduard SEKERES
CASH,IS,CASH - MKT - Staffino Sales Evaluation,,"€3,750.00",120 Hours Per Year,€0.00,document,Live,In Production,Local,07/26/2024,https://cloud.uipath.com/lyrecomanagement/DefaultTenant/automationhub_/automation-profile/cash---mkt---staffino-sales-evaluation,Eduard SEKERES,Eduard SEKERES
CASH,IS,CASH - MKT - SAP Products Status change,,€937.50,30 Hours Per Year,€0.00,document,Live,In Production,Local,07/26/2024,https://cloud.uipath.com/lyrecomanagement/DefaultTenant/automationhub_/automation-profile/cash---mkt---sap-products-status-change,Eduard SEKERES,Eduard SEKERES
CASH,IS,CASH - Sales Support - MM0045 report,,"€3,750.00",120 Hours Per Year,€0.00,document,Live,In Production,Local,07/26/2024,https://cloud.uipath.com/lyrecomanagement/DefaultTenant/automationhub_/automation-profile/cash---sales-support---mm0045-report,Eduard SEKERES,Eduard SEKERES
CASH,IS,CASH - EDI - monthly report of failed and rejected orders,,€112.50,3.6 Hours Per Year,€0.00,document,Live,In Production,Local,07/26/2024,https://cloud.uipath.com/lyrecomanagement/DefaultTenant/automationhub_/automation-profile/cash---edi---monthly-report-of-failed-and-rejected-orders,Eduard SEKERES,Eduard SEKERES
CASH,IS,CASH - FIN - ReFIS integration,,"€15,000.00",480 Hours Per Year,€0.00,document,Live,In Production,"Local, and maybe Group",07/26/2024,https://cloud.uipath.com/lyrecomanagement/DefaultTenant/automationhub_/automation-profile/cash---fin---refis-integration,Eduard SEKERES,Eduard SEKERES
CASH,IS,CASH - MKT - SITI to Staffino,,"€11,250.00",360 Hours Per Year,€0.00,document,Live,In Production,Local,07/26/2024,https://cloud.uipath.com/lyrecomanagement/DefaultTenant/automationhub_/automation-profile/cash---mkt---siti-to-staffino,Eduard SEKERES,Eduard SEKERES
CASH,IS,CASH - Restock SAP Report Download and Data Manipulation,,"€7,500.00",240 Hours Per Year,€0.00,document,Live,In Production,Local,07/26/2024,https://cloud.uipath.com/lyrecomanagement/DefaultTenant/automationhub_/automation-profile/cash---restock-sap-report-download-and-data-manipulation,Eduard SEKERES,Eduard SEKERES
CASH,IS,CASH - Mass Upload for Manual Product Parameter Update in SAP,,€937.50,30 Hours Per Year,€0.00,document,Live,In Production,Local,07/26/2024,https://cloud.uipath.com/lyrecomanagement/DefaultTenant/automationhub_/automation-profile/cash---mass-upload-for-manual-product-parameter-update-in-sap,Eduard SEKERES,Eduard SEKERES
CASH,IS,CASH - HR - Export from Time Tracking Tool and Import to Workday,,"€3,750.00",120 Hours Per Year,€0.00,document,Live,In Production,Local,07/26/2024,https://cloud.uipath.com/lyrecomanagement/DefaultTenant/automationhub_/automation-profile/cash---hr---export-from-time-tracking-tool-and-import-to-workday,Eduard SEKERES,Eduard SEKERES
CASH,IS,CASH - MKT - Automated MM0045 Report Generation,,"€3,750.00",120 Hours Per Year,€0.00,document,Live,In Production,Local,07/26/2024,https://cloud.uipath.com/lyrecomanagement/DefaultTenant/automationhub_/automation-profile/cash---mkt---automated-mm0045-report-generation,Eduard SEKERES,Eduard SEKERES
CASH,IS,CASH - FIN - CFAC File: Daily Data Update,,"€3,750.00",120 Hours Per Year,€0.00,document,Development,On Hold,Local,07/26/2024,https://cloud.uipath.com/lyrecomanagement/DefaultTenant/automationhub_/automation-profile/cash---fin---cfac-file-daily-data-update,Eduard SEKERES,Eduard SEKERES
FRANCE,IS,FR - QSS - TrackDechets,,"€150,000.00",4800 Hours Per Year,€0.00,trackdechet,Live,In Production,Local,07/19/2024,https://cloud.uipath.com/lyrecomanagement/DefaultTenant/automationhub_/automation-profile/fr---qss-trackdechets,Julien PICQUET,Julien PICQUET
GROUP,"Marketing,Printing Services",GRP - MKT - Content upload STEP ,,"€16,875.00",540 Hours Per Year,€0.00,document,Testing,In Progress,Group,07/12/2024,https://cloud.uipath.com/lyrecomanagement/DefaultTenant/automationhub_/automation-profile/content-upload-step-,Gwen BROSENS,Gwen BROSENS
BENELUX,IT,BNL - FI Controlling - Payment Split,,"€4,687.50",150 Hours Per Year,€0.00,document,Live,In Production,Local,07/12/2024,https://cloud.uipath.com/lyrecomanagement/DefaultTenant/automationhub_/automation-profile/bnl---fi-controlling---payment-split,Wouter Herrrygers,Wouter Herrrygers
NORWAY,IS,NO - CS - PDF TST to Order,,,,,"Samples of messages with pdf orders ,TXT_Orders.zip",Idea,Archived,Group,07/10/2024,https://cloud.uipath.com/lyrecomanagement/DefaultTenant/automationhub_/automation-profile/pdf-tst-to-order,Paul Dennis Solberg,Paul Dennis Solberg
CASH,IS, CASH - MKT - 29-NOX_TO_STAFFINO,,"€7,500.00",240 Hours Per Year,€0.00,document,Live,In Production,Local,06/28/2024,https://cloud.uipath.com/lyrecomanagement/DefaultTenant/automationhub_/automation-profile/29-nox-to-staffino,Eduard SEKERES,Eduard SEKERES
FINLAND,Sales,FIN - MKT - Substituted products,,"€1,500.00",48 Hours Per Year,€0.00,document,Live,In Production,"Local, and maybe Group",06/25/2024,https://cloud.uipath.com/lyrecomanagement/DefaultTenant/automationhub_/automation-profile/substituted-products,Minna Lonka,Minna Lonka
DENMARK,"Customer Service,Coffee Services",DEN-CS-VELUX order,,"€15,000.00",480 Hours Per Year,€0.00,Artikel Velux,Live,In Production,Local,06/19/2024,https://cloud.uipath.com/lyrecomanagement/DefaultTenant/automationhub_/automation-profile/den-cs-velux-ordre,Helen TIMRELL,"Helen TIMRELL, Lars Christensen"
DENMARK,MARKETING,DEN-CS-NBS Specialist to all Zenius coffee machines,,€937.50,30 Hours Per Year,€0.00,document,Live,In Production,Local,06/17/2024,https://cloud.uipath.com/lyrecomanagement/DefaultTenant/automationhub_/automation-profile/den-cs-nbs-specialist-to-all-zenius-coffee-machines,Lars Christensen,"Lars Christensen, Emil Thrane DAGELYKKE, Kim Jagd FREDERIKSEN"
GROUP,IS,POL - CS - Order reject in RIO - Management of EDI orders reject,,"€21,375.00",684 Hours Per Year,€0.00,,Live,Hypercare,,06/13/2024,https://cloud.uipath.com/lyrecomanagement/DefaultTenant/automationhub_/automation-profile/pol---cs---order-reject-in-rio---management-of-edi-orders-reject,Aline TURPIN,"Aline TURPIN, Magdalena MAKUCH, Quentin Chastin"
FRANCE,Marketing,FR - MKT - Commercial cooperation contract,,"€36,000.00",1152 Hours Per Year,€0.00,RPA contrat promo.docx,Live,In Production,"Local, and maybe Group",06/12/2024,https://cloud.uipath.com/lyrecomanagement/DefaultTenant/automationhub_/automation-profile/commercial-cooperation-contract,Capucine MIROUX,"Capucine MIROUX, Thomas DELOS, Bruno Bastin"
WISE,WYZE,WISE - CC - GF/OO Zendesk,,€0.00,0 Hours Per Year,€0.00,document,Assessment,Archived,Local,06/06/2024,https://cloud.uipath.com/lyrecomanagement/DefaultTenant/automationhub_/automation-profile/wise---cc---gfoo-zendesk,John Davies,John Davies
DENMARK,"Customer Service,Coffee Services",DEN-CS-BAADER ORDRE,,"€7,500.00",240 Hours Per Year,€0.00,document,Live,In Production,Local,05/28/2024,https://cloud.uipath.com/lyrecomanagement/DefaultTenant/automationhub_/automation-profile/den-cs-baader-ordre,Helen TIMRELL,"Helen TIMRELL, Lars Christensen, Kim Jagd FREDERIKSEN"
BENELUX,IT,BNL - CX Data Insights - Vistex Deal Usage,,"€7,500.00",240 Hours Per Year,€0.00,document,Live,In Production,Local,05/24/2024,https://cloud.uipath.com/lyrecomanagement/DefaultTenant/automationhub_/automation-profile/bnl---cx-data-insights---vistex-deal-usage,Wouter Herrrygers,Wouter Herrrygers
DENMARK,MARKETING,DEN-CS-Danske bank Basware,,"€2,250.00",72 Hours Per Year,€0.00,"Step by step,PO1395964",Live,In Production,Local,05/21/2024,https://cloud.uipath.com/lyrecomanagement/DefaultTenant/automationhub_/automation-profile/den-cc-danske-bank-basware,Lars Christensen,"Lars Christensen, Helen TIMRELL, Kim Jagd FREDERIKSEN"
FRANCE,Marketing,FR - MKT - Completion of Edito for webshop visibility,,"€12,000.00",384 Hours Per Year,€0.00,RPA EDITO,Live,In Production,"Local, and maybe Group",05/13/2024,https://cloud.uipath.com/lyrecomanagement/DefaultTenant/automationhub_/automation-profile/completion-of-edito-for-webshop-visibility,Magali BOUCHEZ OLIVE,Magali BOUCHEZ OLIVE
DENMARK,Marketing,DEN - MKT - Pull data from SAP regarding perishable goods,,"€3,750.00",120 Hours Per Year,€0.00,Task Capture for process,Live,In Production,"Local, and maybe Group",05/07/2024,https://cloud.uipath.com/lyrecomanagement/DefaultTenant/automationhub_/automation-profile/pull-data-from-sap-regarding-perishable-goods,Dennis Roemer JENSEN,"Dennis Roemer JENSEN, Lars Christensen, Kim Jagd FREDERIKSEN"
DENMARK,Customer Service,DEN-CS-Credit note and invoice,,"€15,000.00",480 Hours Per Year,€0.00,"Kreditnota (ZANN) til udligning af faktura.docx,Omfakturering med prisændring.docx,ZFFI - Finansiel Faktura.docx,document",Live,In Production,"Local, and maybe Group",05/01/2024,https://cloud.uipath.com/lyrecomanagement/DefaultTenant/automationhub_/automation-profile/den-cs-credit-note-and-invoice,Anne Kirstine GROENNE,"Anne Kirstine GROENNE, Lars Christensen, Kim Jagd FREDERIKSEN, Emil Thrane DAGELYKKE"
GROUP,GIS Innovation,GRP - MKT - Quarterly ethical report,,"€7,000.00",224 Hours Per Year,€0.00,document,Assessment,Rejected,Group,04/26/2024,https://cloud.uipath.com/lyrecomanagement/DefaultTenant/automationhub_/automation-profile/grp---mkt---quarterly-ethical-report,Bruno Bastin,"Bruno Bastin, Aline TURPIN"
GROUP,GIS Innovation,GRP - MKT - AI for CPMS matching,,"€131,250.00",4200 Hours Per Year,€0.00,document,Assessment,Archived,Group,04/26/2024,https://cloud.uipath.com/lyrecomanagement/DefaultTenant/automationhub_/automation-profile/grp---mkt---ai-for-cpms-matching,Bruno Bastin,"Bruno Bastin, Aline TURPIN"
BENELUX,IT,BNL - MKT - Oneshot - Safety Data Sheet Mass Rename & Copy,,€0.00,0 Hours Per Year,€250.00,document,Live,In Production,Local,04/26/2024,https://cloud.uipath.com/lyrecomanagement/DefaultTenant/automationhub_/automation-profile/bnlmktoneshotsafetydatasheetmassrenamecopy,Wouter Herrrygers,"Wouter Herrrygers, Jorien PEETERS"
GROUP,Customer Service,IBE - CS - Order reject in RIO - Management of EDI orders rejection in SAP,,"€12,000.00",384 Hours Per Year,€0.00,,Live,In Production,,04/26/2024,https://cloud.uipath.com/lyrecomanagement/DefaultTenant/automationhub_/automation-profile/ibe---cs---order-reject-in-rio---management-of-edi-orders-rejection-in-sap,Eduardo BAYON MORENO,"Eduardo BAYON MORENO, Quentin Chastin, Aline TURPIN"
GROUP,EMPTY,CASH - CS - Order reject in RIO - Management of EDI orders rejection in SAP,,"€15,000.00",480 Hours Per Year,€0.00,,Live,In Production,,04/26/2024,https://cloud.uipath.com/lyrecomanagement/DefaultTenant/automationhub_/automation-profile/cash---cs---order-reject-in-rio---management-of-edi-orders-rejection-in-sap,Anna KASSOVICOVA,"simona vrabcová, Quentin Chastin, Aline TURPIN, Anna KASSOVICOVA"
BENELUX,IT,BNL - FIN - CM Customer Aging - Daily Report,,"€15,000.00",480 Hours Per Year,€0.00,document,Live,In Production,Local,04/25/2024,https://cloud.uipath.com/lyrecomanagement/DefaultTenant/automationhub_/automation-profile/bnl---fin---cm-customer-aging---daily-report,Wouter Herrrygers,Wouter Herrrygers
GROUP,GIS Innovation,GRP - IS - Gap of order API idoc,,"€3,750.00",120 Hours Per Year,€0.00,document,Development,Cancelled,"Local, and maybe Group",04/25/2024,https://cloud.uipath.com/lyrecomanagement/DefaultTenant/automationhub_/automation-profile/grp---is---gap-of-order-api-idoc,Bruno Bastin,Bruno Bastin
FRANCE,Marketing,FR - MKT - Loading safety data sheets into STEP,,"€1,125.00",36 Hours Per Year,€0.00,,Live,In Production,,04/16/2024,https://cloud.uipath.com/lyrecomanagement/DefaultTenant/automationhub_/automation-profile/loading-safety-data-sheets,Valentin GUERIN,"Valentin GUERIN, Sandrine Loeuil, Baptiste DHAUSSY"
FRANCE,GIS Innovation,FR - CS - Conformité paramètrage frais de port et contribution energie,,€937.50,30 Hours Per Year,€0.00,document,Assessment,Rejected,"Local, and maybe Group",04/16/2024,https://cloud.uipath.com/lyrecomanagement/DefaultTenant/automationhub_/automation-profile/frcsconformitparamtragefraisdeportetcontributionenergie,Bruno Bastin,"Bruno Bastin, Florence DELPLANQUE"
BENELUX,IT,BNL - FIN - CM Invoice Aging - Customer Line Items,,"€15,000.00",480 Hours Per Year,€0.00,document,Live,In Production,Local,04/15/2024,https://cloud.uipath.com/lyrecomanagement/DefaultTenant/automationhub_/automation-profile/bnl-fin---cm-invoice-aging---customer-line-items,Wouter Herrrygers,Wouter Herrrygers
SIMA,GIS Innovation,GRP - CS - Back Order Management - SIMA,,"€30,000.00",960 Hours Per Year,€0.00,document,Development,Cancelled,Group,04/15/2024,https://cloud.uipath.com/lyrecomanagement/DefaultTenant/automationhub_/automation-profile/grp---cs---back-order-management---sima,Bruno Bastin,Bruno Bastin
DENMARK,"Customer Service,Coffee Services",DEN-CS-SHURGAARD ORDRES,,"€3,750.00",120 Hours Per Year,€0.00,document,Live,In Production,Local,04/09/2024,https://cloud.uipath.com/lyrecomanagement/DefaultTenant/automationhub_/automation-profile/den-cs-shurgaard-ordres,Helen TIMRELL,"Helen TIMRELL, Lars Christensen, Kim Jagd FREDERIKSEN"
SWEDEN,Customer Unique Specialist,SWE - CS - Warehouse Return handling of Undeliverable Parcels ,,"€22,500.00",720 Hours Per Year,€0.00,document,Live,In Production,Local,04/09/2024,https://cloud.uipath.com/lyrecomanagement/DefaultTenant/automationhub_/automation-profile/swe---cs--warehouse-return-handling-of-undeliverable-parcels-,SVÄRD Peter,"Johan SIEDBERG, SVÄRD Peter"
DENMARK,Marketing,DEN-MKT-Subscribe Activecampaign,,"€2,250.00",72 Hours Per Year,€0.00,document,Testing,In Progress,Local,04/03/2024,https://cloud.uipath.com/lyrecomanagement/DefaultTenant/automationhub_/automation-profile/auto-subscribe-special-cases-from-eloqua-to-activecampaign,Dennis Roemer JENSEN,"Dennis Roemer JENSEN, Lars Christensen, Kim Jagd FREDERIKSEN"
FRANCE,Finance,FR - FIN - SWAP,,"€5,625.00",180 Hours Per Year,€0.00,document,Development,In Progress,Local,03/29/2024,https://cloud.uipath.com/lyrecomanagement/DefaultTenant/automationhub_/automation-profile/fr---fin---swap,Celine DI STEFANO,"Hanane ABBA, Celine DI STEFANO, Aline TURPIN"
GROUP,IS,CH - CS - Order reject in RIO - Management of EDI orders rejection in SAP,,"€15,000.00",480 Hours Per Year,€0.00,,Live,In Production,,03/28/2024,https://cloud.uipath.com/lyrecomanagement/DefaultTenant/automationhub_/automation-profile/ch---cs---order-reject-in-rio---management-of-edi-orders-rejection-in-sap,Aline TURPIN,"Quentin Chastin, Aline TURPIN"
GROUP,IS,GER - CC - Order reject in RIO - Management of EDI orders rejection in SAP,,"€36,000.00",1152 Hours Per Year,€0.00,,Live,Hypercare,,03/28/2024,https://cloud.uipath.com/lyrecomanagement/DefaultTenant/automationhub_/automation-profile/ger---cc---order-reject-in-rio---management-of-edi-orders-rejection-in-sap,Aline TURPIN,"Aline TURPIN, Quentin Chastin"
GROUP,GIS Innovation,GRP - RPA - Lyreco Library UiPath,,€0.00,0 Hours Per Year,€0.00,document,Live,In Production,Group,03/28/2024,https://cloud.uipath.com/lyrecomanagement/DefaultTenant/automationhub_/automation-profile/lyreco-librairie-rpa-,Quentin Chastin,"Alexandre FOUCHER, Quentin Chastin"
BENELUX,IT,BNL - FIN - Distance Calculation - Update Employee Details,,"€9,000.00",288 Hours Per Year,€0.00,document,Live,In Production,Local,03/27/2024,https://cloud.uipath.com/lyrecomanagement/DefaultTenant/automationhub_/automation-profile/bnl---fin---distance-calculation---update-employee-details,Wouter Herrrygers,"Wouter Herrrygers, Benoit Duchesne"
CASH,IS,CASH - PRINTED - Automation of Special products creation in SAP,,"€45,000.00",1440 Hours Per Year,€0.00,document,Live,In Production,"Local, and maybe Group",03/26/2024,https://cloud.uipath.com/lyrecomanagement/DefaultTenant/automationhub_/automation-profile/cash---printed---automation-of-special-products-creation-in-sap,Eduard SEKERES,Eduard SEKERES
SIMA,Logistics,SIMA - SC - Supplier chasing ,,"€90,000.00",2880 Hours Per Year,€0.00,,Live,In Production,,03/25/2024,https://cloud.uipath.com/lyrecomanagement/DefaultTenant/automationhub_/automation-profile/sima---sc---supplier-chasing-,Vincent Furic,"Aline TURPIN, Dimitri Degroise, Vincent Furic"
SIMA,Logistics,SIMA - SC - Buying forecast calculation,,"€9,000.00",288 Hours Per Year,€0.00,,Live,In Production,,03/25/2024,https://cloud.uipath.com/lyrecomanagement/DefaultTenant/automationhub_/automation-profile/sima---sc---buying-forecast-calculation,Vincent Furic,"Aline TURPIN, Dimitri Degroise, Vincent Furic"
GROUP,Sales,GRP - Sales - Rebates management file,,"€18,375.00",588 Hours Per Year,€0.00,document,Live,In Production,Group,03/12/2024,https://cloud.uipath.com/lyrecomanagement/DefaultTenant/automationhub_/automation-profile/rebates-management-file,Laetitia BARRAUD,"Laetitia BARRAUD, Aline TURPIN"
BENELUX,Customer Service,BNL - Siti - Automatic closure of actions,,"€18,750.00",600 Hours Per Year,€0.00,document,Solution Design,On Hold,"Local, and maybe Group",03/12/2024,https://cloud.uipath.com/lyrecomanagement/DefaultTenant/automationhub_/automation-profile/siti-automatic-closure-of-actions,Sharina INFURNA,"Sharina INFURNA, Benoit Duchesne"
FRANCE,Finance,FR - FIN - End-of-promotion result reminders,,"€1,725.00",55.2 Hours Per Year,€0.00,document,Assessment,Not Started,"Local, and maybe Group",03/12/2024,https://cloud.uipath.com/lyrecomanagement/DefaultTenant/automationhub_/automation-profile/fr---fin---end-of-promotion-result-reminders,Marine DENIS,"Marine DENIS, Thomas DELOS"
DENMARK,,DEN-MKT-direct delivery XML standard,,"€11,250.00",360 Hours Per Year,€0.00,document,Live,In Production,Local,03/08/2024,https://cloud.uipath.com/lyrecomanagement/DefaultTenant/automationhub_/automation-profile/den-mkt-direct-delivery-xml-standard,Rikke ELERS,"Rikke ELERS, Lars Christensen, Kim Jagd FREDERIKSEN"
GERMANY,"Customer Experience,Marketing",GER - LOG - Supplier Order Response Booking ,,"€7,500.00",240 Hours Per Year,€0.00,document,Live,In Production,Local,03/04/2024,https://cloud.uipath.com/lyrecomanagement/DefaultTenant/automationhub_/automation-profile/ger----supplier-order-response-automation-,Reiner FRITSCH,"Reiner FRITSCH, Sinan Adiyaman"
GROUP,Customer Experience,WISE - CE - Order reject in RIO - Management of EDI orders rejection in SAP,,"€45,000.00",1440 Hours Per Year,€0.00,,Live,In Production,,03/01/2024,https://cloud.uipath.com/lyrecomanagement/DefaultTenant/automationhub_/automation-profile/wise---ce---order-reject-in-rio---management-of-edi-orders-rejection-in-sap,Dave Wilton,"Dave Wilton, Quentin Chastin, Aline TURPIN"
DENMARK,Finance,DEN-FIN-Incoming invoices (creditors),,"€37,500.00",1200 Hours Per Year,€0.00,document,Live,In Production,Local,02/29/2024,https://cloud.uipath.com/lyrecomanagement/DefaultTenant/automationhub_/automation-profile/posting-of-incoming-invoices--creditors-,Eva NEUHAUSEN,"Eva NEUHAUSEN, Lars Christensen, Dorthe A. ANDERSEN, Kim Jagd FREDERIKSEN"
CASH,IS,CASH - MKT - Lyreco Bonus Program Customer validation,,"€7,500.00",240 Hours Per Year,€0.00,document,Live,In Production,"Local, and maybe Group",02/28/2024,https://cloud.uipath.com/lyrecomanagement/DefaultTenant/automationhub_/automation-profile/cash---mkt---lyreco-bonus-program-customer-validation,Eduard SEKERES,Eduard SEKERES
DENMARK,"Customer Service,Coffee Services",DEN-CS-Sallingorders,,"€7,500.00",240 Hours Per Year,€0.00,document,Live,In Production,Local,02/28/2024,https://cloud.uipath.com/lyrecomanagement/DefaultTenant/automationhub_/automation-profile/den-cs-sallingorders,Helen TIMRELL,"Helen TIMRELL, Lars Christensen, Kim Jagd FREDERIKSEN"
FRANCE,GIS Innovation,FR - FIN - Validation of PSA order,,"€1,250.00",40 Hours Per Year,€0.00,document,Assessment,Rejected,Local,02/16/2024,https://cloud.uipath.com/lyrecomanagement/DefaultTenant/automationhub_/automation-profile/fr---fin---validation-of-psa-order,Bruno Bastin,"Bruno Bastin, Anne Sophie DHAUSSY"
DENMARK,Logistics,DEN-LOG-SITI files,,"€1,500.00",48 Hours Per Year,€0.00,document,Live,In Production,"Local, and maybe Group",02/16/2024,https://cloud.uipath.com/lyrecomanagement/DefaultTenant/automationhub_/automation-profile/den-log-siti-files,Linda Molnit SCHYTH,"Linda Molnit SCHYTH, Kim Jagd FREDERIKSEN, Lars Christensen"
DENMARK,MARKETING,DEN-LOG-SITI Invoice files,,"€84,375.00",2700 Hours Per Year,€0.00,document,Live,In Production,Local,02/16/2024,https://cloud.uipath.com/lyrecomanagement/DefaultTenant/automationhub_/automation-profile/den-log-siti-invoice-files,Lars Christensen,"Lars Christensen, Linda Molnit SCHYTH, Kim Jagd FREDERIKSEN"
FRANCE,Finance,FR - FIN - Keying doubtful customer credit part,,"€62,812.50",2010 Hours Per Year,€0.00,document,Live,In Production,"Local, and maybe Group",02/13/2024,https://cloud.uipath.com/lyrecomanagement/DefaultTenant/automationhub_/automation-profile/fr---fin---keying-doubtful-customer-2,Allal Chekroun,"Allal Chekroun, Bruno Bastin, Josic Libert"
GROUP,IS,GRP - SALES - C4C attachments extraction,,€0.00,0 Hours Per Year,"€21,500.00",document,Live,In Production,Group,02/12/2024,https://cloud.uipath.com/lyrecomanagement/DefaultTenant/automationhub_/automation-profile/grp---sales---c4c-attachments-extraction,Aline TURPIN,"Aline TURPIN, Dimitri Degroise, Bruno Bastin"
BENELUX,IT,BNL - MKT - SVHC Document Translation EN to NLFR,,"€2,250.00",72 Hours Per Year,€0.00,document,Live,In Production,Local,02/09/2024,https://cloud.uipath.com/lyrecomanagement/DefaultTenant/automationhub_/automation-profile/bnl---mkt---svhc-document-translation-en-to-nlfr,Wouter Herrrygers,"Wouter Herrrygers, Jorien PEETERS"
BENELUX,IT,BNL - FIN - CM Dunning Statistics,,"€15,000.00",480 Hours Per Year,€0.00,document,Live,In Production,Local,02/09/2024,https://cloud.uipath.com/lyrecomanagement/DefaultTenant/automationhub_/automation-profile/bnl---fi---cm-dunning-statistics,Wouter Herrrygers,Wouter Herrrygers
BENELUX,IT,BNL - MKT - Local bible consolidation,,"€4,687.50",150 Hours Per Year,€0.00,document,Live,In Production,Local,02/09/2024,https://cloud.uipath.com/lyrecomanagement/DefaultTenant/automationhub_/automation-profile/bnl---mkt---weekly-local-bible-consolidation,Wouter Herrrygers,"Jorien PEETERS, Wouter Herrrygers"
GROUP,Management Team,IT - CS - Order reject in RIO - Management of EDI orders rejection in SAP,,€750.00,24 Hours Per Year,€0.00,,Live,In Production,,02/09/2024,https://cloud.uipath.com/lyrecomanagement/DefaultTenant/automationhub_/automation-profile/it---cs---order-reject-in-rio---management-of-edi-orders-rejection-in-sap,Ewa Marta LUSZPIANKO,"Cecilia Plata Maresca, Quentin Chastin, Aline TURPIN, Ewa Marta LUSZPIANKO"
DENMARK,Marketing,DEN-MKT-Mark for deletion Non stock,,"€1,000.00",32 Hours Per Year,€0.00,document,Live,In Production,Local,02/08/2024,https://cloud.uipath.com/lyrecomanagement/DefaultTenant/automationhub_/automation-profile/automatic-flow-in-nonstock-dk----mark-for-deletion----clean-up-inactive-item-numbers,Jeanette CLAUSEN,"Jeanette CLAUSEN, Lars Christensen, Kim Jagd FREDERIKSEN"
GROUP,Customer Service,BNL - CS - Order reject in RIO - Management of EDI orders rejection in SAP,,"€67,500.00",2160 Hours Per Year,€0.00,,Live,In Production,,02/06/2024,https://cloud.uipath.com/lyrecomanagement/DefaultTenant/automationhub_/automation-profile/bnl---cs---order-reject-in-rio---management-of-edi-orders-rejection-in-sap,Sabine Reusch,"Menno STOLK, Quentin Chastin, Aline TURPIN, Sabine Reusch"
GROUP,,GRP - IS - Automation of Jira exports to Excel DB,,€375.00,12 Hours Per Year,€0.00,document,Qualification,Rejected,Group,02/06/2024,https://cloud.uipath.com/lyrecomanagement/DefaultTenant/automationhub_/automation-profile/automation-of-jira-exports-to-excel-db,Lukasz GLADYS,Lukasz GLADYS
FRANCE,Finance,FR - FIN - Unpaid management,,"€27,000.00",864 Hours Per Year,€0.00,RPA impayés.docx,Qualification,On Hold,"Local, and maybe Group",02/02/2024,https://cloud.uipath.com/lyrecomanagement/DefaultTenant/automationhub_/automation-profile/unpaid-management,Benoit Frere,Benoit Frere
DENMARK,,DEN-MKT-Retresco,,"€1,875.00",60 Hours Per Year,€0.00,document,Live,In Production,"Local, and maybe Group",02/01/2024,https://cloud.uipath.com/lyrecomanagement/DefaultTenant/automationhub_/automation-profile/den---mkt---retresco,Marie SVENDSEN,"Marie SVENDSEN, Lars Christensen"
DENMARK,Marketing,DEN-MKT-Udtræk af C-fac lister,,"€1,500.00",48 Hours Per Year,€0.00,document,Live,In Production,Local,01/24/2024,https://cloud.uipath.com/lyrecomanagement/DefaultTenant/automationhub_/automation-profile/denmktudtrkafcfaclister,Sara Boegelund FREDERIKSEN,"Sara Boegelund FREDERIKSEN, Lars Christensen, Kim Jagd FREDERIKSEN, Tina Skroeder OLSEN"
DENMARK,Customer Service,DEN-CS-Automation Order,,"€7,500.00",240 Hours Per Year,€0.00,document,Live,In Production,"Local, and maybe Group",01/24/2024,https://cloud.uipath.com/lyrecomanagement/DefaultTenant/automationhub_/automation-profile/den---cs---automation-order,Anne Kirstine GROENNE,"Anne Kirstine GROENNE, Lars Christensen, Kim Jagd FREDERIKSEN"
DENMARK,,DEN-MKT-Excel lookup to zendesk,,"€7,500.00",240 Hours Per Year,€0.00,document,Live,In Production,"Local, and maybe Group",01/23/2024,https://cloud.uipath.com/lyrecomanagement/DefaultTenant/automationhub_/automation-profile/den-mkt-excel-look-up-to-zendesk,Pia CHRISTENSEN,"Pia CHRISTENSEN, Lars Christensen, Tina Skroeder OLSEN"
DENMARK,Marketing,DEN-MKT-98/99 markeringer ,,"€1,500.00",48 Hours Per Year,€0.00,document,Live,In Production,Local,01/22/2024,https://cloud.uipath.com/lyrecomanagement/DefaultTenant/automationhub_/automation-profile/den-mkt-9899-markeringer-,Sara Boegelund FREDERIKSEN,"Sara Boegelund FREDERIKSEN, Lars Christensen, Tina Skroeder OLSEN, Kim Jagd FREDERIKSEN"
DENMARK,Marketing,DEN-MKT-Produktoprettelse,,"€6,750.00",216 Hours Per Year,€0.00,document,Live,In Production,Local,01/22/2024,https://cloud.uipath.com/lyrecomanagement/DefaultTenant/automationhub_/automation-profile/den---mkt---produktoprettelse,Tina Skroeder OLSEN,"Tina Skroeder OLSEN, Lars Christensen"
BENELUX,Logistic,BNL - LOG - Code 95 Daily - Stock report,,"€1,500.00",48 Hours Per Year,€0.00,"STOCK code 95. easy vista request bis.pdf,Mailing list.pdf",Assessment,Not Started,Local,01/22/2024,https://cloud.uipath.com/lyrecomanagement/DefaultTenant/automationhub_/automation-profile/code-95-daily--stock--report,Yaser Uddin,Yaser Uddin
GROUP,Finance,GRP - COMP - Declaration of gifts and invitations received,,"€37,656.25",1205 Hours Per Year,€0.00,document,Qualification,Rejected,Group,01/04/2024,https://cloud.uipath.com/lyrecomanagement/DefaultTenant/automationhub_/automation-profile/declaration-of-gifts-and-invitations-received,Nicolas CAPON,Nicolas CAPON
WISE,Logistics,WISE - LOG - Automation of Daily Stock Report from Power BI - Demand and Supply ,,"€6,000.00",192 Hours Per Year,€0.00,Example of UK Stock Report - 02.01.24,Assessment,In Progress,"Local, and maybe Group",01/02/2024,https://cloud.uipath.com/lyrecomanagement/DefaultTenant/automationhub_/automation-profile/automation-of-daily-stock-report-from-power-bi---demand-and-supply-,Duncan MILTON,Duncan MILTON
FRANCE,Marketing,FR - MKT - Identification of duplicates SAP codes,,"€15,000.00",480 Hours Per Year,€0.00,document,Development,On Hold,"Local, and maybe Group",12/19/2023,https://cloud.uipath.com/lyrecomanagement/DefaultTenant/automationhub_/automation-profile/identification-of-duplicates-sap-codes,Florine Tison,"Florine Tison, mathieu lison, Aline TURPIN"
DENMARK,Finance,DEN-QSS-Control of content Catalogue ,,€0.00,0 Hours Per Year,"€3,000.00",document,Assessment,Not Started,"Local, and maybe Group",12/15/2023,https://cloud.uipath.com/lyrecomanagement/DefaultTenant/automationhub_/automation-profile/control-of-content-catelogue,Eva NEUHAUSEN,"Eva NEUHAUSEN, Lars Christensen, Victor Sebastian BJARNESEN, Kim Jagd FREDERIKSEN"
DENMARK,Finance,DEN-FIN-Accruals,,"€2,812.50",90 Hours Per Year,€0.00,document,Assessment,Not Started,"Local, and maybe Group",12/15/2023,https://cloud.uipath.com/lyrecomanagement/DefaultTenant/automationhub_/automation-profile/accruals,Eva NEUHAUSEN,"Eva NEUHAUSEN, Lars Christensen"
DENMARK,Finance,DEN-FIN-Invoicing/Credit note Backend and CVR,,"€10,125.00",324 Hours Per Year,€0.00,document,Live,In Production,Local,12/15/2023,https://cloud.uipath.com/lyrecomanagement/DefaultTenant/automationhub_/automation-profile/invoicingcredit-note-backend-and-cvr,Eva NEUHAUSEN,"Eva NEUHAUSEN, Lars Christensen, Jimmi PETERSEN, Kim Jagd FREDERIKSEN"
DENMARK,Finance,DEN-FIN-Autoclear 1 to 1 DKK postings,,"€3,750.00",120 Hours Per Year,€0.00,document,Live,In Production,"Local, and maybe Group",12/15/2023,https://cloud.uipath.com/lyrecomanagement/DefaultTenant/automationhub_/automation-profile/autoclear--1-to-1-dkk-postings,Eva NEUHAUSEN,"Eva NEUHAUSEN, Lars Christensen, Kim Jagd FREDERIKSEN"
DENMARK,,DEN-QSS-SITI Route mapping for distance and CO2e emissions,,"€97,500.00",3120 Hours Per Year,€0.00,document,Assessment,Not Started,"Local, and maybe Group",12/14/2023,https://cloud.uipath.com/lyrecomanagement/DefaultTenant/automationhub_/automation-profile/siti-route-mapping-for-distance-and-co2e-emissions,Victor Sebastian BJARNESEN,"Victor Sebastian BJARNESEN, Lars Christensen"
DENMARK,Finance,DEN-FIN-Control Product Taxes,,"€6,000.00",192 Hours Per Year,€0.00,document,Assessment,Not Started,"Local, and maybe Group",12/11/2023,https://cloud.uipath.com/lyrecomanagement/DefaultTenant/automationhub_/automation-profile/control-product-taxes,Eva NEUHAUSEN,"Eva NEUHAUSEN, Lars Christensen"
BENELUX,IT,BNL - MKT - Pricing Purchase Price Match,,"€5,000.00",159.9999999999999999999999999999999999999999999999999999999999999 Hours Per Year,€0.00,document,Live,In Production,Local,12/07/2023,https://cloud.uipath.com/lyrecomanagement/DefaultTenant/automationhub_/automation-profile/bnl---mkt---pricing-purchase-price-match,Wouter Herrrygers,"Severine Merlin, Wouter Herrrygers"
BENELUX,IT,BNL - MKT - Pricing ZM003007 Mass Download,,"€3,000.00",96 Hours Per Year,€0.00,document,Live,In Production,Local,11/30/2023,https://cloud.uipath.com/lyrecomanagement/DefaultTenant/automationhub_/automation-profile/bnl-mkt-pricing-zm003007-mass-download,Wouter Herrrygers,"Severine Merlin, Wouter Herrrygers"
DENMARK,"Customer Service,Coffee Services",DEN-CS-Danske Bank Picking List PO Automation,,"€3,750.00",120 Hours Per Year,€0.00,document,Live,In Production,Local,11/28/2023,https://cloud.uipath.com/lyrecomanagement/DefaultTenant/automationhub_/automation-profile/danske-bank-picking-list-po-automation,Kristina BETZER,"Kristina BETZER, Kim Jagd FREDERIKSEN, Lars Christensen, Helen TIMRELL"
BENELUX,IT,BNL - MKT - Daily DB Sync,,"€3,750.00",120 Hours Per Year,€0.00,document,Live,In Production,Local,11/24/2023,https://cloud.uipath.com/lyrecomanagement/DefaultTenant/automationhub_/automation-profile/bnl---mkt---daily-db-sync,Wouter Herrrygers,"Jorien Peeters, Wouter Herrrygers"
DENMARK,Marketing,DEN-MKT-Non stock pricing automatical upload,,"€22,500.00",720 Hours Per Year,€0.00,document,Assessment,Not Started,"Local, and maybe Group",11/24/2023,https://cloud.uipath.com/lyrecomanagement/DefaultTenant/automationhub_/automation-profile/non-stock-pricing-automatical-upload,Jeanette CLAUSEN,"Jeanette CLAUSEN, Lars Christensen"
SWITZERLAND,IT,Ch - CS - Onboarding new Customer,,"€30,000.00",960 Hours Per Year,€0.00,document,Live,In Production,"Local, and maybe Group",11/22/2023,https://cloud.uipath.com/lyrecomanagement/DefaultTenant/automationhub_/automation-profile/ch---cs---onboarding-new-customer,Lukas Meier,"Lukas MEIER, Lukas Meier"
DENMARK,"Customer Service,Coffee Services",DEN-CS-ISS Facility service PO integration,,"€3,750.00",120 Hours Per Year,€0.00,"ISS.ssp,ISS.xaml",Live,In Production,Local,11/22/2023,https://cloud.uipath.com/lyrecomanagement/DefaultTenant/automationhub_/automation-profile/iss-facility-service-po-integration,Kristina BETZER,"Kristina BETZER, Lars Christensen, Kim Jagd FREDERIKSEN, Helen TIMRELL"
DENMARK,"Customer Service,Coffee Services",DEN-CS-DFDS/Sertica PO automation,,"€3,750.00",120 Hours Per Year,€0.00,"PO KSCA23157201 LineItems.csv,Zendesk ticket,Zendesk article",Live,In Production,"Local, and maybe Group",11/17/2023,https://cloud.uipath.com/lyrecomanagement/DefaultTenant/automationhub_/automation-profile/dfdssertica-po-automation,Kristina BETZER,"Kristina BETZER, Lars Christensen, Kim Jagd FREDERIKSEN, Helen TIMRELL"
DENMARK,"Coffee Services,Logistics",DEN-SC-NBS tech SAP text automated,,"€3,750.00",120 Hours Per Year,€0.00,NBS Zendesk PDF file,Live,In Production,"Local, and maybe Group",11/14/2023,https://cloud.uipath.com/lyrecomanagement/DefaultTenant/automationhub_/automation-profile/nbs-tech-sap-text-automated,Lasse RHODE,"Lars Christensen, Kim Jagd FREDERIKSEN, Tim STAMPE-CHRISTENSEN, Lasse RHODE"
DENMARK,Customer Service,DEN-CS-Cancel order lines,,"€5,250.00",168 Hours Per Year,€0.00,"Zendesk link,document",Live,In Production,"Local, and maybe Group",11/13/2023,https://cloud.uipath.com/lyrecomanagement/DefaultTenant/automationhub_/automation-profile/anul-order-lines,Anne Kirstine GROENNE,"Anne Kirstine GROENNE, Lars Christensen, Kim Jagd FREDERIKSEN, Helen TIMRELL"
DENMARK,Logistics,DEN-LOG-Q-rapporter SITI,,"€31,500.00",1008 Hours Per Year,€0.00,document,Live,In Production,Local,11/07/2023,https://cloud.uipath.com/lyrecomanagement/DefaultTenant/automationhub_/automation-profile/q-rapporter-siti,Anette Britt Lund NIELSEN,"Anette Britt Lund NIELSEN, Lars Christensen, Kim Jagd FREDERIKSEN, Linda Molnit SCHYTH"
GROUP,Logistics,GRP SC - SSL REPORT TIMELINE SHARING TRACKER,,€187.50,6 Hours Per Year,€0.00,document,Qualification,Rejected,Group,10/24/2023,https://cloud.uipath.com/lyrecomanagement/DefaultTenant/automationhub_/automation-profile/ssl-report-timeline-sharing-tracker,Kamil GALUS,"Kamil GALUS, Dimitri Degroise, mathieu lison"
DENMARK,Logistics,DEN-SC-Picking data collection for ongoing use in optimization,,€187.50,6 Hours Per Year,€0.00,document,Live,In Production,Local,10/24/2023,https://cloud.uipath.com/lyrecomanagement/DefaultTenant/automationhub_/automation-profile/picking-data-collection-for-ongoing-use-in-optimization,Lars Erik HENRIKSEN,"Lars Erik HENRIKSEN, Lars Christensen"
DENMARK,Logistics,DEN-SC-Operationel report balance ,,€750.00,24 Hours Per Year,€0.00,document,Qualification,Awaiting Review,Local,10/24/2023,https://cloud.uipath.com/lyrecomanagement/DefaultTenant/automationhub_/automation-profile/operationel-report-balance-,Lars Erik HENRIKSEN,"Lars Erik HENRIKSEN, Lars Christensen"
DENMARK,MARKETING,DEN - SC - Operational reports restocking,,€112.50,3.6 Hours Per Year,€0.00,document,Idea,Rejected,Local,10/24/2023,https://cloud.uipath.com/lyrecomanagement/DefaultTenant/automationhub_/automation-profile/ooperational-reports-restocking,Lars Christensen,"Lars Erik HENRIKSEN, Lars Christensen, Kim Jagd FREDERIKSEN"
BENELUX,IT,BNL - MKT - SDS Request Split - Oneshot,,€0.00,0 Hours Per Year,€500.00,document,Live,In Production,Local,10/19/2023,https://cloud.uipath.com/lyrecomanagement/DefaultTenant/automationhub_/automation-profile/bnl-mkt-sds-request-split---oneshot,Wouter Herrrygers,"Jorien PEETERS, Wouter Herrrygers"
DENMARK,Logistics,DEN-LOG-Digital delivery notes,,"€7,500.00",240 Hours Per Year,€0.00,PDF files extraction SP01,Live,In Production,"Local, and maybe Group",10/18/2023,https://cloud.uipath.com/lyrecomanagement/DefaultTenant/automationhub_/automation-profile/digital-delivery-notes,Tim STAMPE-CHRISTENSEN,"Tim STAMPE-CHRISTENSEN, Aline TURPIN, mathieu lison, Lars Christensen, Kim Jagd FREDERIKSEN"
DENMARK,MARKETING,DEN-FIN-Cvrapi.dk Lookup ,,"€75,000.00",2400 Hours Per Year,€0.00,document,Live,In Production,"Local, and maybe Group",10/17/2023,https://cloud.uipath.com/lyrecomanagement/DefaultTenant/automationhub_/automation-profile/dk-fin-cvrapi-dk-lookup-,Lars Christensen,"Lars Christensen, Kim Jagd FREDERIKSEN, Rabia ESSKIYAH"
BENELUX,Logistics,BNL - SC - Dropshipment Supplier chasing ,,"€22,500.00",720 Hours Per Year,€0.00,,Live,In Production,,10/13/2023,https://cloud.uipath.com/lyrecomanagement/DefaultTenant/automationhub_/automation-profile/dropshipment-supplier-chasing-,Catherine Blaise,"Catherine Blaise, mathieu lison, Dimitri Degroise"
DENMARK,Sales,DEN-Sales-GetDailyBings,,"€1,125.00",36 Hours Per Year,€0.00,document,Live,In Production,"Local, and maybe Group",10/12/2023,https://cloud.uipath.com/lyrecomanagement/DefaultTenant/automationhub_/automation-profile/dk-sales-getdailybings,Kim Jagd FREDERIKSEN,"Lars Christensen, Kim Jagd FREDERIKSEN"
GROUP,IS,GRPIS - Update PBI app BOT,,€0.00,0 Hours Per Year,€0.00,Update Power BI application,Qualification,Archived,Group,10/03/2023,https://cloud.uipath.com/lyrecomanagement/DefaultTenant/automationhub_/automation-profile/update-pbi-app-bot,Luca DI SALVO,"Luca DI SALVO, Aline TURPIN, mathieu lison"
SWEDEN,Customer Unique Specialist,SWE - CS - Invoice changes - Credit / debit,,"€11,250.00",360 Hours Per Year,€0.00,,Live,In Production,,09/28/2023,https://cloud.uipath.com/lyrecomanagement/DefaultTenant/automationhub_/automation-profile/invoice-changes---credit--debit-f418c7fc,SVÄRD Peter,SVÄRD Peter
BENELUX,IT,BNL - MKT - Pricing Data Merge,,"€75,000.00",,€0.00,document,Live,In Production,Local,09/01/2023,https://cloud.uipath.com/lyrecomanagement/DefaultTenant/automationhub_/automation-profile/bnl-mkt-pricing-data-merge,Wouter Herrrygers,"Severine Merlin, Wouter Herrrygers"
FRANCE,Planning and performance,GRP IS - P&P - SecretSantaBot,,"€2,250.00",72 Hours Per Year,€0.00,document,Live,Decommissioned,Local,08/31/2023,https://cloud.uipath.com/lyrecomanagement/DefaultTenant/automationhub_/automation-profile/groupisppsecretsantabot,charlotte Gavois,"charlotte Gavois, Julian LEROY, mathieu lison"
CASH,Customer Service CASH,CASH - CS - POD (Proof Of Delivery) Pairing,,€0.00,0 Hours Per Year,€10.00,"CASH - POD Use-Case - Additional Scoping Information.docx,document",Qualification,Awaiting Review,"Local, and maybe Group",08/22/2023,https://cloud.uipath.com/lyrecomanagement/DefaultTenant/automationhub_/automation-profile/cash---cs---pod--proof-of-delivery--pairing,simona vrabcová,"simona vrabcová, mathieu lison, Tamara BOGDANYOVA"
BENELUX,IT,BNL - SAL - ISF Pricing Data Split,,"€6,000.00",,€0.00,document,Live,In Production,Local,08/11/2023,https://cloud.uipath.com/lyrecomanagement/DefaultTenant/automationhub_/automation-profile/bnl-isf-pricing-data-split,Wouter Herrrygers,Wouter Herrrygers
BENELUX,IT,BNL - MKT - Pricing Data Split,,"€40,000.00",,€0.00,document,Live,In Production,Local,08/11/2023,https://cloud.uipath.com/lyrecomanagement/DefaultTenant/automationhub_/automation-profile/bnl-mkt-pricing-data-split,Wouter Herrrygers,"Severine Merlin, Wouter Herrrygers"
POLAND,GIS SAP Support,GRP IS - SAP P2P Flow for GDANSK,,"€84,375.00",2700 Hours Per Year,€0.00,document,Live,In Production,"Local, and maybe Group",08/04/2023,https://cloud.uipath.com/lyrecomanagement/DefaultTenant/automationhub_/automation-profile/sap-p2p-flow-for-gdansk,Damian Balmas,"mathieu lison, Bruno Bastin, Josic Libert, Damian Balmas, Barbara Nobili, Magdalena FRACZKOWSKA"
SWITZERLAND,IT,CH - FIN - CoBu - Posting Payments,,"€18,000.00",,€0.00,document,Live,In Production,Local,08/02/2023,https://cloud.uipath.com/lyrecomanagement/DefaultTenant/automationhub_/automation-profile/ch---fin---cobu---posting-payments,Lukas Meier,Lukas Meier
ITALY,Marketplace,GRP MP - Scraper - Maison du Monde.it,,€0.00,,€500.00,document,Analysis,Cancelled,Local,07/28/2023,https://cloud.uipath.com/lyrecomanagement/DefaultTenant/automationhub_/automation-profile/grp-mp---scraper---maison-du-monde-italy,Thomas Pruvost,"Thomas Pruvost, mathieu lison, Deleted User"
GROUP,Marketing,GRP MKT - GTIN,,,,,document,Analysis,Cancelled,Group,07/28/2023,https://cloud.uipath.com/lyrecomanagement/DefaultTenant/automationhub_/automation-profile/grp-mkt---gtin,Aline BONIN,"Aline BONIN, mathieu lison"
ITALY,Management Team,IT - CS - Order rounding - Reconciliation of Invoices with Customer Orders - Poland Bot V2,,€0.00,0 Hours Per Year,,document,Qualification,Rejected,"Local, and maybe Group",07/28/2023,https://cloud.uipath.com/lyrecomanagement/DefaultTenant/automationhub_/automation-profile/it---cs---poland-bot-v2---reconciliation-of-invoices-with-customer-orders,Ewa Marta LUSZPIANKO,"Ewa Marta LUSZPIANKO, mathieu lison, Dimitri Degroise"
GROUP,GIS Innovation,GRP IS - Demo Bot,,,,,document,Idea,Awaiting Review,Group,07/28/2023,https://cloud.uipath.com/lyrecomanagement/DefaultTenant/automationhub_/automation-profile/grp-is---demo-bot,Mickaël Guérardelle,"Laurent Silczak, mathieu lison, Josic Libert, Quentin Chastin, Bruno Bastin, Dimitri Degroise, Julian LEROY, Deleted User, Mickaël Guérardelle"
GROUP,GIS Innovation,GRP IS - Conchita Bot,,,,,document,Live,In Production,Group,07/28/2023,https://cloud.uipath.com/lyrecomanagement/DefaultTenant/automationhub_/automation-profile/grp-is---conchita-bot,Mickaël Guérardelle,"Deleted User, mathieu lison, Mickaël Guérardelle"
GROUP,GIS,GRP FIN - SAP VIM - Approval Matrix,,,,,document,Qualification,On Hold,Group,07/28/2023,https://cloud.uipath.com/lyrecomanagement/DefaultTenant/automationhub_/automation-profile/grp-sc---sap-vim---automatisation-matrice-approval---second-party,Barbara Nobili,"mathieu lison, Josic Libert, Damian Balmas, Barbara Nobili"
POLAND,Logistics,POL - SC - Operational report 2,,"€2,250.00",72 Hours Per Year,€0.00,document,Live,In Production,"Local, and maybe Group",07/28/2023,https://cloud.uipath.com/lyrecomanagement/DefaultTenant/automationhub_/automation-profile/pol---sc---operational-report-2,Jacek Imiolek,"Jacek Imiolek, Aline TURPIN"
BENELUX,Logisitics,BNL - REPLEN V2 - Suppliers Purchase Oders - Rebuild of Mass update of delivery Date,,"€75,000.00",,€0.00,document,Live,In Production,Local,07/28/2023,https://cloud.uipath.com/lyrecomanagement/DefaultTenant/automationhub_/automation-profile/bnl---replen-v2---suppliers-purchase-oders---rebuild-of-mass-update-of-delivery-date,Vincent Delhez,"Vincent Delhez, mathieu lison, Julian LEROY, Alexandre FOUCHER"
POLAND,Logistics,POL - SC - operational reports 1,,"€2,250.00",72 Hours Per Year,€0.00,document,Live,In Production,Local,07/28/2023,https://cloud.uipath.com/lyrecomanagement/DefaultTenant/automationhub_/automation-profile/pol---sc---operational-reports-1,Jacek Imiolek,"Jacek Imiolek, Aline TURPIN, Julian LEROY"
POLAND,Logistics,POL - SC - Operational report 3,,"€5,250.00",168 Hours Per Year,€0.00,document,Assessment,Rejected,"Local, and maybe Group",07/28/2023,https://cloud.uipath.com/lyrecomanagement/DefaultTenant/automationhub_/automation-profile/pl-sc---operational-report-3,Jacek Imiolek,"Jacek Imiolek, mathieu lison"
POLAND,IT,"POL - SC - Module ""automatic shelves""",,€937.50,30 Hours Per Year,€0.00,document,Qualification,Rejected,Local,07/28/2023,https://cloud.uipath.com/lyrecomanagement/DefaultTenant/automationhub_/automation-profile/pol---sc---module-automatic-shelves,Krzysztof Szewczyk,"mathieu lison, Aline TURPIN, Krzysztof Szewczyk, Grzegorz BORKOWSKI"
GROUP,IS,Converse Bot,,,,,document,Live,In Production,Group,07/28/2023,https://cloud.uipath.com/lyrecomanagement/DefaultTenant/automationhub_/automation-profile/converse-bot,Clement Pardoux,"Clement Pardoux, mathieu lison"
POLAND,FINANCE,"POL - FIN - Generating a turnover report from SAP, including exclusions of specific products",,,,,document,Assessment,On Hold,Local,07/28/2023,https://cloud.uipath.com/lyrecomanagement/DefaultTenant/automationhub_/automation-profile/pol---fin---generating-a-turnover-report-from-sap-including-exclusions-of-specific-products,Sylwia Dabrowska,"Sylwia Dabrowska, mathieu lison, Krzysztof Szewczyk"
POLAND,FINANCE,POL - FIN - Automatic information on whether a invoice was paid on time.,,,,,document,Assessment,On Hold,Local,07/28/2023,https://cloud.uipath.com/lyrecomanagement/DefaultTenant/automationhub_/automation-profile/pol---fin---automatic-information-on-whether-a-invoice-was-paid-on-time-,Sylwia Dabrowska,"Sylwia Dabrowska, mathieu lison, Krzysztof Szewczyk"
POLAND,FINANCE,POL - FIN - Possibility of choosing NBS clients,,,,,document,Assessment,On Hold,Local,07/28/2023,https://cloud.uipath.com/lyrecomanagement/DefaultTenant/automationhub_/automation-profile/pol---fin---possibility-of-choosing-nbs-clients,Sylwia Dabrowska,"Sylwia Dabrowska, mathieu lison, Krzysztof Szewczyk"
POLAND,FINANCE,POL - FIN - FEBA (accounting payments) - Setting additional invoice number formats for an invoice,,,,,document,Assessment,On Hold,Local,07/28/2023,https://cloud.uipath.com/lyrecomanagement/DefaultTenant/automationhub_/automation-profile/pol---fin---feba--accounting-payments----setting-additional-invoice-number-formats-for-an-invoice,Sylwia Dabrowska,"Sylwia Dabrowska, mathieu lison, Krzysztof Szewczyk"
POLAND,FINANCE,POL - FIN -Possibility to upload an e-card report (online payment) to SAP in the same way as payment,,,,,document,Assessment,On Hold,Local,07/28/2023,https://cloud.uipath.com/lyrecomanagement/DefaultTenant/automationhub_/automation-profile/pol---fin--possibility-to-upload-an-e-card-report--online-payment--to-sap-in-the-same-way-as-payment,Sylwia Dabrowska,"Sylwia Dabrowska, mathieu lison, Krzysztof Szewczyk"
POLAND,FINANCE,POL - FIN - Automated reports from SAP after posting the bank statement,,"€21,000.00",672 Hours Per Year,€0.00,document,Qualification,On Hold,Local,07/28/2023,https://cloud.uipath.com/lyrecomanagement/DefaultTenant/automationhub_/automation-profile/pol---fin---automated-reports-from-sap-after-posting-the-bank-statement,Sylwia Dabrowska,"mathieu lison, Sylwia Dabrowska, Robert SADZIK, Aline TURPIN"
GROUP,Customer Experience,GRP IS - Webshop - Automate non-regression testing,,,,,document,Assessment,Postponed,Group,07/27/2023,https://cloud.uipath.com/lyrecomanagement/DefaultTenant/automationhub_/automation-profile/grp-is---webshop---automate-non-regression-testing,Olivier Gaudin,"Olivier Gaudin, mathieu lison, Aline TURPIN, Alexandre MALOR"
GROUP,Logistics,GRP SC - SSl & Penalities calculation,,"€20,062.50",642 Hours Per Year,€0.00,document,Live,In Production,Group,07/27/2023,https://cloud.uipath.com/lyrecomanagement/DefaultTenant/automationhub_/automation-profile/grpscsslpenalitiescalculation,Vincent Furic,"Valerie PASTEAU, mathieu lison, Vincent Furic, Dimitri Degroise"
GROUP,Logistics,GRP SC - Grouping of data for the calculation of penalities ,,,,,document,Live,In Production,Group,07/27/2023,https://cloud.uipath.com/lyrecomanagement/DefaultTenant/automationhub_/automation-profile/grp-sc---grouping-of-data-for-the-calculation-of-penalities-,Valerie PASTEAU,"Valerie PASTEAU, mathieu lison, Dimitri Degroise"
NORWAY,IS,NO - SC - Supply Chain Automation,,,,,document,Assessment,Archived,Local,07/27/2023,https://cloud.uipath.com/lyrecomanagement/DefaultTenant/automationhub_/automation-profile/no---sc---supply-chain-automation,Paul Dennis Solberg,"Paul Dennis Solberg, mathieu lison"
GROUP,,GRP SC - ORDER API - Simplify returns and customer mitigation,,,,,document,Analysis,Cancelled,Group,07/27/2023,https://cloud.uipath.com/lyrecomanagement/DefaultTenant/automationhub_/automation-profile/grp-sc---order-api---simplify-returns-ans-customer-mitigation,Deleted User,"mathieu lison, Deleted User"
IBERIA,Finance,IBERIA - FIN - CFAC for Iberia,,,,,document,Assessment,Not Started,"Local, and maybe Group",07/27/2023,https://cloud.uipath.com/lyrecomanagement/DefaultTenant/automationhub_/automation-profile/iberia---fin---cfac-for-iberia,Alicia GONZALEZ AMOR,"Alicia GONZALEZ AMOR, mathieu lison"
GROUP,Management Team,GRP CS - EDI Customers orders rejection in RIO ,,"€630,000.00",,€0.00,document,Qualification,Archived,Group,07/27/2023,https://cloud.uipath.com/lyrecomanagement/DefaultTenant/automationhub_/automation-profile/grp-cs---edi-customers-orders-rejection-in-rio-,Ewa Marta LUSZPIANKO,"Ewa Marta LUSZPIANKO, mathieu lison, Olaf Dubbert, Sinan ADIYAMAN, Luca Farina, martin loemker, Simon Bury, Adam FARRINGTON, Cecilia Plata Maresca, Quentin Chastin, Dave Wilton, Stefania Origoni, Richard Smallman"
IBERIA,Finance,IBERIA - FIN - Checking PDF invoices,,,,,document,Assessment,In Progress,Local,07/27/2023,https://cloud.uipath.com/lyrecomanagement/DefaultTenant/automationhub_/automation-profile/iberia---fin---checking-pdf-invoices,Alicia GONZALEZ AMOR,"Alicia GONZALEZ AMOR, mathieu lison"
FRANCE,Customer Experience,FR - ECOM - Setting up EDI customer accounts in SAP,,,,,document,Assessment,Archived,"Local, and maybe Group",07/27/2023,https://cloud.uipath.com/lyrecomanagement/DefaultTenant/automationhub_/automation-profile/fr---ecom---setting-up-edi-customer-accounts-in-sap,Olivier Gaudin,"Olivier Gaudin, mathieu lison, Jean SION, Aline TURPIN"
FRANCE,,GRP CS - Automatic account creation USFA,,,,,document,Solution Design,Cancelled,Group,07/27/2023,https://cloud.uipath.com/lyrecomanagement/DefaultTenant/automationhub_/automation-profile/grp-cs---automatic-account-creation-usfa,Deleted User,"mathieu lison, Deleted User"
BENELUX,Customer Service,BNL - SC - Teleworking Purchase budget,,,,,document,Assessment,Archived,Local,07/27/2023,https://cloud.uipath.com/lyrecomanagement/DefaultTenant/automationhub_/automation-profile/bnl---sc---teleworking-purchase-budget,Sabine Reusch,"Sabine Reusch, mathieu lison"
ITALY,Marketplace,GRP MP - Scraper LeroyMerlin.it,,€0.00,,€500.00,document,Assessment,Archived,Local,07/27/2023,https://cloud.uipath.com/lyrecomanagement/DefaultTenant/automationhub_/automation-profile/grp-mp---scraper-rscomponents-it,Thomas Pruvost,"Thomas Pruvost, mathieu lison, Josic Libert"
BENELUX,Customer Service,BNL - SC - Posting customer invoice external customer portal,,,,,document,Qualification,Rejected,Local,07/27/2023,https://cloud.uipath.com/lyrecomanagement/DefaultTenant/automationhub_/automation-profile/posting-customer-invoice-external-customer-portal,Sabine Reusch,"Sabine Reusch, mathieu lison"
GERMANY,IT,GER - CC - Delisting Article Aternative List,,"€18,000.00",576 Hours Per Year,€0.00,document,Live,In Production,Local,07/17/2023,https://cloud.uipath.com/lyrecomanagement/DefaultTenant/automationhub_/automation-profile/ger---delist-article,Sinan Adiyaman,Sinan Adiyaman
FRANCE,Marketing,FR - MKT - UPDATE PURCHASE PRICE,,"€81,375.00",2604 Hours Per Year,€0.00,,Qualification,Rejected,"Local, and maybe Group",07/10/2023,https://cloud.uipath.com/lyrecomanagement/DefaultTenant/automationhub_/automation-profile/fr---mkt---update-purchase-price,Delphine Lorthioir,"mathieu lison, Delphine Lorthioir, Florine Tison"
BENELUX,IT,BNL - FI - Marketing Funds,,"€16,875.00",,€0.00,,Live,In Production,"Local, and maybe Group",06/30/2023,https://cloud.uipath.com/lyrecomanagement/DefaultTenant/automationhub_/automation-profile/bnl-fi-marketing-funds,Wouter Herrrygers,Wouter Herrrygers
BENELUX,IT,BNL - MKT - BEP Data Split,,"€25,312.50",,€0.00,,Live,In Production,Local,06/30/2023,https://cloud.uipath.com/lyrecomanagement/DefaultTenant/automationhub_/automation-profile/bnl-mkt-bep-data-split,Wouter Herrrygers,"Jorien Peeters, Wouter Herrrygers"
BENELUX,IT,BNL - MKT - GTIN Data Merge,,"€18,750.00",,€0.00,,Live,In Production,"Local, and maybe Group",06/30/2023,https://cloud.uipath.com/lyrecomanagement/DefaultTenant/automationhub_/automation-profile/bnl-gtin-data-merge,Wouter Herrrygers,"Jorien Peeters, Wouter Herrrygers"
FRANCE,IS,Bouton SST,,"€2,250.00",,€0.00,,Qualification,Rejected,"Local, and maybe Group",06/29/2023,https://cloud.uipath.com/lyrecomanagement/DefaultTenant/automationhub_/automation-profile/bouton-sst,Baptiste DHAUSSY,Baptiste DHAUSSY
WISE,WYZE,WISE - IS - SAP Password Reset,,"€37,500.00",1200 Hours Per Year,€0.00,,Live,In Production,"Local, and maybe Group",06/16/2023,https://cloud.uipath.com/lyrecomanagement/DefaultTenant/automationhub_/automation-profile/wise---is---sap-password-reset,John Davies,John Davies
GERMANY,IT,GER - SAL - Daily Offer Booking ,,"€24,000.00",768 Hours Per Year,€0.00,,Live,In Production,Local,06/09/2023,https://cloud.uipath.com/lyrecomanagement/DefaultTenant/automationhub_/automation-profile/ger---daily-offer-with-vk11-in-sap,Sinan Adiyaman,"Sinan Adiyaman, Reiner FRITSCH"
BENELUX,IT,BNL - MKT - ISF DataQuality Split,,€0.00,,€0.00,,Live,In Production,Local,06/02/2023,https://cloud.uipath.com/lyrecomanagement/DefaultTenant/automationhub_/automation-profile/bnl-isf-dataquality-split,Wouter Herrrygers,Wouter Herrrygers
BENELUX,IT,BNL - MKT/Supply Blocked Invoices Prepare Workfile [BI2.0],,"€5,625.00",,€0.00,,Live,In Production,Local,06/02/2023,https://cloud.uipath.com/lyrecomanagement/DefaultTenant/automationhub_/automation-profile/bnlmktsupplyblockedinvoicesprepareworkfilebi20,Wouter Herrrygers,"Jorien Peeters, Wouter Herrrygers"
GROUP,Customer Service,GRP - CS - Back Order Management - PILOT COUNTRIES,,"€603,750.00",19320 Hours Per Year,€0.00,"UiPath - Lyreco - BackOrder - SDD -EN.docx,PCSO012 - Back order Management - Operational Procedures - 20160607.docx",Live,In Production,Group,06/02/2023,https://cloud.uipath.com/lyrecomanagement/DefaultTenant/automationhub_/automation-profile/grp---cs---back-order-managment-by-professionnal-services-uipath,Cecilia Plata Maresca,"Cecilia Plata Maresca, mathieu lison, Quentin Chastin"
WISE,WYZE,WISE  - QSS -  COSHH Split Documents,,,,,,Development,In Progress,"Local, and maybe Group",05/09/2023,https://cloud.uipath.com/lyrecomanagement/DefaultTenant/automationhub_/automation-profile/wise-is---coshh-split-documents,John Davies,John Davies
ITALY,IT,ITA - Paniere Ebf - MKTG,,,,,VOLANTINI.xlsm,Assessment,Archived,Local,05/08/2023,https://cloud.uipath.com/lyrecomanagement/DefaultTenant/automationhub_/automation-profile/ita---paniere-ebf---mktg,Carlo Milia,"Luca Farina, Carlo Milia"
ITALY,Marketplace,GRP MP - Scraper - RS Components,,€0.00,,€500.00,Template retailer scraping.xlsx,Live,Decommissioned,Local,04/18/2023,https://cloud.uipath.com/lyrecomanagement/DefaultTenant/automationhub_/automation-profile/grp-mp---scraper---rs-components,Thomas Pruvost,"Thomas Pruvost, mathieu lison, Deleted User"
ITALY,IS,ITA - Prezzi SPOT (Spot Pricing) Customer service,,"€3,750.00",120 Hours Per Year,€0.00,RPA Prezzi spot v 05042023.pdf,Live,In Production,"Local, and maybe Group",04/17/2023,https://cloud.uipath.com/lyrecomanagement/DefaultTenant/automationhub_/automation-profile/prezzi-spot--spot-pricing--customer-service,Luca Farina,"Cecilia Plata Maresca, Luca Farina, Carlo Milia"
Other,QUALITY,GRP - DP - Checklist for New Data Processing,,"€84,375.00",2700 Hours Per Year,€0.00,New process.png,Testing,On Hold,Group,04/14/2023,https://cloud.uipath.com/lyrecomanagement/DefaultTenant/automationhub_/automation-profile/grp---dp---checklist-for-new-data-processing,Laurent Dussart,"Laurent Dussart, mathieu lison"
GERMANY,IT,GER - FIN - Supplier Invoice Automation ,,"€7,500.00",240 Hours Per Year,€0.00,,Live,In Production,Group,04/06/2023,https://cloud.uipath.com/lyrecomanagement/DefaultTenant/automationhub_/automation-profile/ger---supplier-invoice-automation-miro,Sinan Adiyaman,Sinan Adiyaman
BENELUX,Logisitics,BNL-Automatic update of database for BO Flow,,"€1,312.50",42 Hours Per Year,€0.00,,Development,Cancelled,Local,04/06/2023,https://cloud.uipath.com/lyrecomanagement/DefaultTenant/automationhub_/automation-profile/bnl-automatic-update-of-database-for-bo-flow,Vincent Delhez,"Vincent Delhez, mathieu lison, Yaser Uddin, Aline TURPIN, Alexandre FOUCHER, Quentin Chastin"
FRANCE,Human Ressources,FR - HR - Individual monthly statement of account,,"€43,218.75",,€0.00,,Live,In Production,"Local, and maybe Group",04/04/2023,https://cloud.uipath.com/lyrecomanagement/DefaultTenant/automationhub_/automation-profile/fr---hr---jeff-,Josephine Donckele,"Josephine Donckele, mathieu lison, Josic Libert"
FRANCE,GIS Innovation,GRP IS - Translate4me,,€0.00,,€0.00,,Solution Design,Archived,"Local, and maybe Group",03/29/2023,https://cloud.uipath.com/lyrecomanagement/DefaultTenant/automationhub_/automation-profile/translate4me,Mickaël Guérardelle,"Mickaël Guérardelle, mathieu lison, Josic Libert, Bruno Bastin, Clement Pardoux"
BENELUX,IT,BNL - Supply - Release of Blocked invoice lines w/ Quantity discrepancies,,"€7,500.00",,€0.00,,Live,In Production,"Local, and maybe Group",03/28/2023,https://cloud.uipath.com/lyrecomanagement/DefaultTenant/automationhub_/automation-profile/bnl---supply---release-of-blocked-invoice-lines-w-quantity-discrepancies,Wouter Herrrygers,Wouter Herrrygers
BENELUX,IT,BNL - Supply/MKT - Release of Blocked invoice lines w/ Price discrepancies,,"€7,500.00",,€0.00,,Live,In Production,"Local, and maybe Group",03/28/2023,https://cloud.uipath.com/lyrecomanagement/DefaultTenant/automationhub_/automation-profile/bnl---supplymkt---release-of-blocked-invoice-lines-w-price-discrepancies,Wouter Herrrygers,Wouter Herrrygers
BENELUX,IT,BNL - Supply - Supplier Invoicing - MIRO Actions,,"€146,250.00",4680 Hours Per Year,€0.00,,Live,In Production,"Local, and maybe Group",03/28/2023,https://cloud.uipath.com/lyrecomanagement/DefaultTenant/automationhub_/automation-profile/bnl---supply---supplier-invoicing---miro-actions,Wouter Herrrygers,Wouter Herrrygers
BENELUX,IT,BNL - Supply - Supplier Invoicing - Preliminary Checks,,"€45,000.00",,€0.00,,Live,In Production,"Local, and maybe Group",03/28/2023,https://cloud.uipath.com/lyrecomanagement/DefaultTenant/automationhub_/automation-profile/bnl---supply---supplier-invoicing---preliminary-checks,Wouter Herrrygers,Wouter Herrrygers
FRANCE,Marketing,GRP - MKT - Data Pack,,"€43,125.00",1380 Hours Per Year,€0.00,,Live,Decommissioned,Group,03/27/2023,https://cloud.uipath.com/lyrecomanagement/DefaultTenant/automationhub_/automation-profile/grp---mkt---dtp,Huiru Zhang,"Bruno Bastin, Quentin Chastin, Huiru Zhang"
ITALY,Marketplace,GRP MP - Scraper - Maison du Monde,,€0.00,,€500.00,,Live,Decommissioned,Local,03/27/2023,https://cloud.uipath.com/lyrecomanagement/DefaultTenant/automationhub_/automation-profile/grp-mp---scraper---maison-du-monde,Thomas Pruvost,"Deleted User, Quentin Chastin, Thomas Pruvost"
FRANCE,Finance,FR - FINANCE - Mise à jour automatique de limites de crédit clients,,"€30,000.00",,€0.00,,Live,In Production,"Local, and maybe Group",03/20/2023,https://cloud.uipath.com/lyrecomanagement/DefaultTenant/automationhub_/automation-profile/misejourautomatiquedelimitesdecrditclients,Benoit Frere,"Benoit Frere, Aline TURPIN, Josic Libert, François-Xavier Nys"
FRANCE,Marketing,FR - MKT -  Financial credit at the end of the promotion,,"€225,750.00",,€0.00,,Live,In Production,"Local, and maybe Group",03/15/2023,https://cloud.uipath.com/lyrecomanagement/DefaultTenant/automationhub_/automation-profile/mkt---fr---financial-credit-at-the-end-of-the-promotion,Severine Dessaint,"Severine Dessaint, mathieu lison, Josic Libert, Quentin Chastin"
FRANCE,Marketing,FR - MKT - CFAC PRICING PROCESS,,"€66,000.00",2112 Hours Per Year,€0.00,,Live,In Production,"Local, and maybe Group",02/24/2023,https://cloud.uipath.com/lyrecomanagement/DefaultTenant/automationhub_/automation-profile/fr---mkt---cfac-pricing-process,Florine Tison,"Florine Tison, mathieu lison, Quentin Chastin"
FRANCE,FINANCE,GRP MP - Customers  ageing report ,,"€2,250.00",,€0.00,Customers Ageing report ,Development,Cancelled,Group,02/22/2023,https://cloud.uipath.com/lyrecomanagement/DefaultTenant/automationhub_/automation-profile/mktplace---customers--ageing-report--,Jean-yves Allaeys,"Jean-yves Allaeys, mathieu lison"
ITALY,Marketplace,GRP MP -  Scraper Greenweez.it - Marketplace ,,€0.00,,€500.00,,Live,Decommissioned,Local,02/02/2023,https://cloud.uipath.com/lyrecomanagement/DefaultTenant/automationhub_/automation-profile/fr----scraper-greenweez-it---marketing---marketplace-,Thomas Pruvost,"mathieu lison, Thomas Pruvost, Josic Libert"
ITALY,Marketplace,GRP MP - Scraper Bcorporation.it - Marketplace ,,€0.00,,€500.00,,Live,Decommissioned,Local,02/02/2023,https://cloud.uipath.com/lyrecomanagement/DefaultTenant/automationhub_/automation-profile/fr----scraper-bcorporation-it---marketing---marketplace-,Thomas Pruvost,"mathieu lison, Thomas Pruvost"
FRANCE,Marketplace,GRP MP - Scraper Refurbed.it - Marketplace ,,€0.00,,€500.00,,Live,Decommissioned,Local,02/02/2023,https://cloud.uipath.com/lyrecomanagement/DefaultTenant/automationhub_/automation-profile/fr----scraper-refurbed-it---marketing---marketplace-,Thomas Pruvost,"mathieu lison, Thomas Pruvost"
FRANCE,Marketplace,GRP MP - Scraper Manutan.it - Marketplace ,,€0.00,,€500.00,,Live,Decommissioned,Local,02/02/2023,https://cloud.uipath.com/lyrecomanagement/DefaultTenant/automationhub_/automation-profile/fr---marketing---marketplace---scraper-manutan-it,Thomas Pruvost,"mathieu lison, Thomas Pruvost, Deleted User"
FRANCE,Marketplace,GRP MP - Scraper Mercateo.it - Marketplace ,,€0.00,,€500.00,,Live,Decommissioned,Local,02/02/2023,https://cloud.uipath.com/lyrecomanagement/DefaultTenant/automationhub_/automation-profile/fr---marketing---marketplace---scraper-mercateo-it,Thomas Pruvost,"mathieu lison, Thomas Pruvost"
FRANCE,Marketplace,GRP MP - Scraper Victualia.it - Marketplace ,,€0.00,,€500.00,,Live,Decommissioned,Local,02/02/2023,https://cloud.uipath.com/lyrecomanagement/DefaultTenant/automationhub_/automation-profile/fr---marketing---marketplace---scraper-victualia-it,Thomas Pruvost,"mathieu lison, Thomas Pruvost"
FRANCE,Marketplace,GRP MP - Scraper Laposte.fr - Marketplace ,,€0.00,,€500.00,,Live,Decommissioned,Local,02/02/2023,https://cloud.uipath.com/lyrecomanagement/DefaultTenant/automationhub_/automation-profile/fr---marketing---marketplace---scraper-laposte-fr,Thomas Pruvost,"mathieu lison, Thomas Pruvost"
BENELUX,Logistics,BNL - SUPPLY - Customer specific stock report,,"€253,125.00",,€0.00,,Live,In Production,"Local, and maybe Group",02/02/2023,https://cloud.uipath.com/lyrecomanagement/DefaultTenant/automationhub_/automation-profile/bnl---logistique---stock-status-and-consumption,Catherine Blaise,"Catherine Blaise, mathieu lison"
BENELUX,Logistics,BNL - SUPPLY - Extract Data specific from PowerBi ,,"€11,250.00",,€0.00,,Live,In Production,"Local, and maybe Group",02/02/2023,https://cloud.uipath.com/lyrecomanagement/DefaultTenant/automationhub_/automation-profile/bnl---supply---automatisation-power-bi-spe,Catherine Blaise,"Catherine Blaise, mathieu lison, Josic Libert"
FRANCE,,GRP CS - Subscription Order - Customer Order & Structure Customer Service,,€0.00,,€0.00,"Subscription Order (1).pptx,Subscription Order.txt",Solution Design,Cancelled,"Local, and maybe Group",01/31/2023,https://cloud.uipath.com/lyrecomanagement/DefaultTenant/automationhub_/automation-profile/subscription-order,Deleted User,"mathieu lison, Josic Libert, Deleted User"
FRANCE,LOGISTIC,GRP SC - LOGISTIC - Slotting Tool,,"€9,000.00",,€0.00,"Matrice Simon septembre novembre 2022.xlsx,matrix explanation.docx,matrix_light.xlsx,Slotting rules Europe.pptx",Analysis,Cancelled,"Local, and maybe Group",01/31/2023,https://cloud.uipath.com/lyrecomanagement/DefaultTenant/automationhub_/automation-profile/slotting-tool,Sandie Malcuit,"mathieu lison, Sandie Malcuit"
FRANCE,IS,GRP IS - Merge file,,"€3,750.00",,€0.00,,Live,In Production,"Local, and maybe Group",01/25/2023,https://cloud.uipath.com/lyrecomanagement/DefaultTenant/automationhub_/automation-profile/merge-file,GERALDINE LACHAPELLE,"GERALDINE LACHAPELLE, mathieu lison, Josic Libert"
FRANCE,Finance,FR - FINANCE - ALTARES - Keying doubtfull customer information automatically,,"€37,500.00",,€0.00,,Live,In Production,"Local, and maybe Group",01/20/2023,https://cloud.uipath.com/lyrecomanagement/DefaultTenant/automationhub_/automation-profile/altares,thomas catteau,"thomas catteau, mathieu lison, Bruno Bastin"
WISE,GROUPIS,WISE IS - DocuSign Auto Save to ISO27001 Folder,,"€9,000.00",288 Hours Per Year,€0.00,,Live,In Production,"Local, and maybe Group",01/19/2023,https://cloud.uipath.com/lyrecomanagement/DefaultTenant/automationhub_/automation-profile/docusign-auto-save-to-iso27001-folder,I WISE,"John Davies, I WISE"
GERMANY,IT,GER - SAL - CMC Download SAP ,,"€1,500.00",48 Hours Per Year,€0.00,,Live,In Production,Group,01/16/2023,https://cloud.uipath.com/lyrecomanagement/DefaultTenant/automationhub_/automation-profile/cmc-download-in-sap-zv034017,Sinan Adiyaman,Sinan Adiyaman
FRANCE,Planning and performance,GRP IS - Birth Bot,,€750.00,,€0.00,"Dates of birth IT,Template of the mail",Live,In Production,"Local, and maybe Group",01/11/2023,https://cloud.uipath.com/lyrecomanagement/DefaultTenant/automationhub_/automation-profile/the-birth-bot,charlotte Gavois,"charlotte Gavois, mathieu lison, Josic Libert, Quentin Chastin"
FRANCE,LOGISTIC,FR - SUPPLY - Invoice Reconciliation ,,"€168,750.00",,€0.00,[FR] - Cahier des charges.pdf,Live,In Production,"Local, and maybe Group",01/10/2023,https://cloud.uipath.com/lyrecomanagement/DefaultTenant/automationhub_/automation-profile/invoice-reconciliation---supply,Kevin Tison,"Lohan Dancuo, Nathalie Bossut, Kevin Tison, mathieu lison, Dimitri Degroise, Deleted User"
DENMARK,,DEN-IS-Webshop promotion activation,,"€3,750.00",120 Hours Per Year,€0.00,Edito.png,Live,In Production,"Local, and maybe Group",01/06/2023,https://cloud.uipath.com/lyrecomanagement/DefaultTenant/automationhub_/automation-profile/webshop-promotion-activation,Jesper DREJER,"Jesper DREJER, Lars Christensen"
FINLAND,IT,FIN - CS - TrackingID by eMail,,"€37,500.00",,€0.00,,Live,In Production,,12/19/2022,https://cloud.uipath.com/lyrecomanagement/DefaultTenant/automationhub_/automation-profile/fin---trackingid-by-email,Jere Jokinen,"mathieu lison, Stella Dimitrova, Jere Jokinen, Julian LEROY, Bruno Bastin"
FRANCE,IS,GRP IS - Approval workflow,,"€24,000.00",240 Hours Per Year,,,Live,In Production,,11/08/2022,https://cloud.uipath.com/lyrecomanagement/DefaultTenant/automationhub_/automation-profile/approval-workflow,GERALDINE LACHAPELLE,"Josic Libert, GERALDINE LACHAPELLE, mathieu lison"
BENELUX,IT,BNL - MKT/Supply - ME23N - Get purchase price valid at PO Creation time,,"€6,562.50",210 Hours Per Year,€0.00,,Live,In Production,,10/03/2022,https://cloud.uipath.com/lyrecomanagement/DefaultTenant/automationhub_/automation-profile/bnl---me23n---get-purchase-price-valid-at-po-creation-time,Wouter Herrrygers,Wouter Herrrygers
BENELUX,IT,BNL - MKT/FIN - MM02 Intrastat bot,,"€6,075.00",194.4 Hours Per Year,€0.00,,Live,In Production,,09/27/2022,https://cloud.uipath.com/lyrecomanagement/DefaultTenant/automationhub_/automation-profile/mm02-intrastat-bot,Wouter Herrrygers,Wouter Herrrygers
BENELUX,IT,BNL - MKT - MM0045 Request bot,,€0.00,0 Hours Per Year,€0.00,,Live,Decommissioned,,09/27/2022,https://cloud.uipath.com/lyrecomanagement/DefaultTenant/automationhub_/automation-profile/bnl---mm0045-request-bot,Wouter Herrrygers,Wouter Herrrygers
FRANCE,Marketing,GRP MKT - Paper Tender,,€0.00,0 Hours Per Year,€0.00,Video of the process,Live,Decommissioned,,09/22/2022,https://cloud.uipath.com/lyrecomanagement/DefaultTenant/automationhub_/automation-profile/paper-tender,Fabrice Baratin,"Bruno Bastin, mathieu lison, Fabrice Baratin"
BENELUX,IT,BNL - Change order pricing date in customer order [UiPath],,"€6,000.00",192 Hours Per Year,€0.00,,Live,In Production,,09/08/2022,https://cloud.uipath.com/lyrecomanagement/DefaultTenant/automationhub_/automation-profile/bnlchangeorderpricingdateincustomerorderuipath,Benoit Duchesne,Benoit Duchesne
BENELUX,IT,BNL - Change order delivery date in customer orders [MS/UiPath],,"€114,750.00",3672 Hours Per Year,€0.00,,Live,In Production,,09/08/2022,https://cloud.uipath.com/lyrecomanagement/DefaultTenant/automationhub_/automation-profile/bnlchangeorderdateincustomerordersmsuipath,Benoit Duchesne,Benoit Duchesne
POLAND,Customer Service PL,PL - CS - Poland Bot V2 - Reconciliation of Invoices with Customer Orders,,"€2,250.00",72 Hours Per Year,€0.00,,Live,In Production,,09/07/2022,https://cloud.uipath.com/lyrecomanagement/DefaultTenant/automationhub_/automation-profile/pl---reconciliation-of-invoices-with-customer-orders,Justyna Kowalik,"Justyna Kowalik, mathieu lison, Dimitri Degroise"
BENELUX,Logisitics,BNL - REPLEN - Suppliers Purchase Oders - Mass update of delivery Date,,"€75,000.00",480 Hours Per Year,,,Live,In Production,,09/07/2022,https://cloud.uipath.com/lyrecomanagement/DefaultTenant/automationhub_/automation-profile/bnl---suppliers-purchase-oders---mass-update-of-delivery-date,Vincent Delhez,"Quentin Chastin, Vincent Delhez, mathieu lison, Alexandre FOUCHER"
FRANCE,Logistics,Supplier chasing - late deliveries,,"€375,000.00",12000 Hours Per Year,€0.00,,Live,In Production,,09/06/2022,https://cloud.uipath.com/lyrecomanagement/DefaultTenant/automationhub_/automation-profile/supplier-chasing---late-deliveries,Vincent Furic,"Vincent Furic, Dimitri Degroise, mathieu lison"
FRANCE,Logistics,GRP - SC - Buying Forecasts calculation - Extract group supplier data in powerBI,,"€6,000.00",192 Hours Per Year,€0.00,,Live,In Production,,08/29/2022,https://cloud.uipath.com/lyrecomanagement/DefaultTenant/automationhub_/automation-profile/fr---extract-group-supplier-data-in-powerbi-,Valerie PASTEAU,"Dimitri Degroise, Valerie PASTEAU, mathieu lison, Kamil GALUS, Aline TURPIN"
FRANCE,Logistics,GROUP SC - Buying Forecasts calculation - Extract local supplier in PowerBI,,"€93,750.00",3000 Hours Per Year,€0.00,,Live,In Production,,08/29/2022,https://cloud.uipath.com/lyrecomanagement/DefaultTenant/automationhub_/automation-profile/fr---extraction-of-local-suppliers-for-subsidiaries-in-powerbi-,Vincent Furic,"Dimitri Degroise, mathieu lison, Vincent Furic"
GROUP,Customer Service,FR - CS - Order reject in RIO - Management of EDI orders rejection in SAP,,"€105,000.00",3360 Hours Per Year,€0.00,,Live,In Production,,08/24/2022,https://cloud.uipath.com/lyrecomanagement/DefaultTenant/automationhub_/automation-profile/the-robot-is-intended-for-the-customer-service-team,Fanny Colier,"Quentin Chastin, mathieu lison, Fanny Colier, Aline TURPIN"
BENELUX,Logisitics,BNL - LOG + CS - InterSafe Order - Cancelation,,"€22,500.00",720 Hours Per Year,€0.00,document,Live,In Production,Local,08/24/2022,https://cloud.uipath.com/lyrecomanagement/DefaultTenant/automationhub_/automation-profile/fr---intersafe-order---cancelation,Vincent Delhez,"mathieu lison, Vincent Delhez, Benoit Duchesne"
