Country,Departments,Subject Name Automation hub,Purpose,Benefit per company (€/per year),Benefit per company (hours saved/year),Oneshot Benefit,Automation Hub Documentation,PHASE,Status,Is it a local process or could it be deployed to all subs ?,Date submitted,Link Automation Hub,Submitter,Collaborator
FRANCE,Marketing,FR - MKT - Loading Reach SVHC declaration into STEP,Automated loading of Reach SVHC declaration into the Lyreco corporate tool.,,,,document,Idea,Awaiting Review,"Local, and maybe Group",06/27/2025,https://cloud.uipath.com/lyrecomanagement/DefaultTenant/automationhub_/automation-profile/fr---mkt---loading-reach-svhc-declaration-into-step,Valentin GUERIN,Valentin GUERIN
WISE,WYZE,WISE - LOG - Stock Movement Data,"Looking at getting the report data imported into QUBE for their stock calculations for the productivity dashboards for Logistics.

Normally they do the report once a week but getting to do this daily this will provide up to date information.

",€0.00,0 Hours Per Year,€0.00,document,Assessment,Not Started,Local,06/26/2025,https://cloud.uipath.com/lyrecomanagement/DefaultTenant/automationhub_/automation-profile/wise---log---stock-movement-data,John Davies,John Davies
GERMANY,"Customer Experience,Marketing",GER - LOG - MD04 Article texts, The Demand Planning department uses the MD04 article texts from SAP as the data basis for several Power BI reports. This process exports the MD04 article texts from SAP and stores the data on a common shared drive automatically.,"€1,500.00",48 Hours Per Year,€0.00,document,Assessment,In Progress,Local,06/26/2025,https://cloud.uipath.com/lyrecomanagement/DefaultTenant/automationhub_/automation-profile/ger---log---md04-article-texts,Reiner FRITSCH,Reiner FRITSCH
WISE,Finance,WISE - FIN - Purchasing card,"The purpose of the automation is to cover:
The generation of payment request files in format CSV from SAP 
Uploading the payment request CSV files into the portal of the PSP (ITS)
Download the payment batch processing report files from the portal of the PSP and import into SAP","€150,000.00",4800 Hours Per Year,€0.00,document,Assessment,Not Started,Group,06/25/2025,https://cloud.uipath.com/lyrecomanagement/DefaultTenant/automationhub_/automation-profile/purchasing-card,Guelahourou Joel SOSSIE,Guelahourou Joel SOSSIE
SWEDEN,Customer Unique Specialist,SWE - SC - Automation of Logistics and KPI Reports (BO),"📌 Idea Summary:
Several Business Objects (BO) reports are currently being accessed and managed manually across different systems and interfaces, some via email and others via local BO platforms. The manual handling of large reports—such as downloading, storing, and distributing them—takes time and increases the risk of inconsistency or delays.
This idea proposes building an automation that regularly extracts specified BO reports, stores them in a central location (e.g. SharePoint or network folder), and optionally triggers post-processing like Excel cleanup or Power BI data updates.
🧩 Key Reports Involved:
Outbound Excel.rep
Goods Inn lines Received without returns Excel.rep
Putaways Goods Inn and Replenishment Excel.rep
Vendorpack Excel.rep
Sorting and Expedition Excel.rep
Weight and Volume Deliveries Excel.rep
⚙️ Automation Opportunity:
A UiPath robot can:
Log in to the BO environment or retrieve files from a defined local system
Download and store the reports in a structured location
Optionally filter or clean the content (e.g. remove unused rows or columns)
Update target systems such as Power BI datasets or shared folders
Run on a schedule (e.g. daily or weekly)
🎯 Expected Benefits:
Reduced manual effort in accessing and handling BO reports
Centralized and standardized storage of large reports
Improved report delivery reliability
Increased availability of up-to-date data for analysis/KPIs
Potential for scaling to include more departments and report types",,,,document,Idea,Awaiting Review,Local,06/25/2025,https://cloud.uipath.com/lyrecomanagement/DefaultTenant/automationhub_/automation-profile/swe---sc---automation-of-logistics-and-kpi-reports--bo-,SVÄRD Peter,SVÄRD Peter
SWEDEN,Customer Unique Specialist,SWE - SA - Coor delivery precision,"We aim to improve delivery accuracy for Coor by combining data from SAP, PostNord, and DHL. The process involves extracting delivery-related data, aligning it with internal order information, and calculating deviations from the planned delivery date.
The goal is to automate data collection and make it accessible for Power BI dashboards through scheduled data refreshes (e.g. weekly).",,,,document,Idea,Awaiting Review,Local,06/25/2025,https://cloud.uipath.com/lyrecomanagement/DefaultTenant/automationhub_/automation-profile/swe---sa---coor-delivery-precision,SVÄRD Peter,SVÄRD Peter
GERMANY,"Customer Experience,Sales",GER- SAL-CMC_Upload_Contract Tool,"Individual customer prices are maintained in the system, either through a complete new upload or through individual changes within the existing assortment (e.g., new product entries, price adjustments, etc.).","€9,375.00",300 Hours Per Year,€0.00,"CMCUpload-Contract tool_Doku_Ger.docx,CMCUpload-Contract_Tool_Eng.docx",Assessment,In Progress,"Local, and maybe Group",06/13/2025,https://cloud.uipath.com/lyrecomanagement/DefaultTenant/automationhub_/automation-profile/ger--sal-cmc-upload-contract-tool,Abdelaziz TEKAYA,Abdelaziz TEKAYA
SWITZERLAND,IT,CH - BS - WAPL - Restructuring Maintenance Dates Maintenance Contract Nespresso Business - OneShot,,€0.00,0 Hours Per Year,"€2,500.00",,Live,Archived,,05/22/2025,https://cloud.uipath.com/lyrecomanagement/DefaultTenant/automationhub_/automation-profile/ch---bs---wapl---restructuring-maintenance-dates-maintenance-contract-nespresso-business---oneshot,Bernd Kretzschmar,Bernd Kretzschmar
SWITZERLAND,IT,CH - LOG - Paletti - Extract Delivery Information from SAP,,"€30,000.00",960 Hours Per Year,€0.00,,Live,In Production,,05/22/2025,https://cloud.uipath.com/lyrecomanagement/DefaultTenant/automationhub_/automation-profile/ch---log---paletti---extract-delivery-information-from-sap,Bernd Kretzschmar,Bernd Kretzschmar
SWITZERLAND,IT,CH - BS - WAPL - Generation of Service Orders ,,"€15,000.00",480 Hours Per Year,€0.00,,Live,In Production,,05/22/2025,https://cloud.uipath.com/lyrecomanagement/DefaultTenant/automationhub_/automation-profile/ch---bs---wapl---generation-of-service-orders-,Bernd Kretzschmar,Bernd Kretzschmar
DENMARK,Marketing,DEN-MKT-VISTEX REDO,HEJ HEJ HEJ,"€8,437.50",270 Hours Per Year,€0.00,document,Assessment,Not Started,Local,05/22/2025,https://cloud.uipath.com/lyrecomanagement/DefaultTenant/automationhub_/automation-profile/den-mkt-vistex-redo,Tina Skroeder OLSEN,Tina Skroeder OLSEN
BENELUX,IT,BNL - CX DE - GetSiteControl Personalized Popups,"BNL Local process that will be used to periodically set up personalized customer pop-ups on our web shop using the intermediary platform 'GetSiteControl'.

Request from the local Campaign & Digital Engagement manager.

The local Digital Engagement team wants to leverage personalized pop ups on our web shop to increase the click through rate and generate additional turnover. A major downside to the 'as is' situation is that their intermediary platform in which these pop ups are configured (GetSiteControl) does not allow for mass uploads of customer numbers. Pop-ups need to be configured on a 'per customer' basis, which takes an exceeding amount of time if you would need to configure batches of 15.000 customers or more.
Based on the benefit/impact of automating this repetitive process, a request was made to create a workflow that executes these tasks.

The UiPath workflow will fetch the input data, a list of customer numbers, navigate to the GetSiteControl platform and iterate through the required steps per unique customer in order to configure these pop ups. The workflow will process all customers and files present in the input folder and save the configuration afterwards.
At the end of the runtime, the script will share the runtime statistics with the relevant process owners.

The script will be triggered on a daily basis.","€60,000.00",1920 Hours Per Year,€0.00,document,Live,In Production,Local,05/16/2025,https://cloud.uipath.com/lyrecomanagement/DefaultTenant/automationhub_/automation-profile/bnl---cx-de---getsitecontrol-personalized-popups,Wouter Herrrygers,Wouter Herrrygers
BENELUX,IT,BNL - SAL/LOG/MKT - Send SPE to Order Requests & Process Feedback,"Joint request from the BNL local Demand & Supply & Marketing departments.

The purpose of these workflows is to simplify the 'SPE to Order' process. The local Marketing non-catalogue team (Products & Services) & the local non-catalogue demand planner (Demand & Supply) collaborate in a 'SPE to Order' work file in which all new replenishment requests for customer specific articles get logged and tracked. 

In the 'as is' situation, each of these requests need to get sent manually to the responsible commercial colleagues, which amounts to hundreds of e-mails that need to be sent on a monthly basis, which in its turn generates additional traffic, overhead and time spent on back and forth over something that should be a simple request.

In order to automate, simplify and standardize this process three separate workflows have been developed.
The BNL LOG/MKT Extract SPE to Order PBI workflow that was developed previously will serve as the source data for these two other scripts.

The second UiPath workflow (BNL LOG Send SPE to Order Requests to SAL) is a script that will be launched on a bi-weekly basis, every Tuesday and Thursday at 3:00 AM CET. 
This script is used to automatically send the customer specific replenishment requests to the responsible commercial colleagues. The work file tracks which requests have been sent to which account managers on which date. Every new row in the file without sales feedback results in a new request getting sent to the responsible AM, containing their unique request ID. If a previously processed row has not received any feedback after two weeks, the responsible AM will receive a reminder.

The third workflow (BNL SAL Process SPE to Order Feedback) is reactive in nature and will be launched every time the designated 'SPE To Order' MS Form gets completed by a sales colleague. This will trigger a PA Cloud workflow which in its turn will launch a UiPath workflow using an API trigger. This workflow will connect to the Excel Online version of the work file and process the sales feedback and any other additional comments in the row that contains the unique request ID. If by accident a Form was filled in that does not correspond to any row in the work file, the responder will receive an alert prompting them to verify and try again.","€33,750.00",1080 Hours Per Year,€0.00,document,Live,In Production,Local,05/15/2025,https://cloud.uipath.com/lyrecomanagement/DefaultTenant/automationhub_/automation-profile/bnlsallogmktsendspetoorderrequestsprocessfeedback,Wouter Herrrygers,Wouter Herrrygers
CASH,IS,CASH - SAL - Automation of Static Catalogs,"This robot will, on a monthly basis, download updated extracts from SAP (Tariff extraction) and with the help of eCat Tool, create static catalogues for the customers. Sales representatives can than easily update the catalogues and prices, which will increase profit and it saves time for EBiz team as well.",€0.00,0 Hours Per Year,€0.00,document,Assessment,Not Started,"Local, and maybe Group",05/15/2025,https://cloud.uipath.com/lyrecomanagement/DefaultTenant/automationhub_/automation-profile/cash---sal---automation-of-static-catalogs,Eduard SEKERES,Eduard SEKERES
CASH,IS,CASH - CS - Strabag POD sending,"This robot will gather all delivery notes of the past month from customer STRABAG, download the proof of delivery from SITI application and send it to respective requisitioners
(2513)",€0.00,0 Hours Per Year,€0.00,document,Development,In Progress,Local,05/15/2025,https://cloud.uipath.com/lyrecomanagement/DefaultTenant/automationhub_/automation-profile/cash---cs---strabag-pod-sending,Eduard SEKERES,Eduard SEKERES
CASH,IS,CASH - SAL - Price change/delist report for Sales,"If the price of a product changed in the last month, the sales representative should be aware of it. This automation takes an Excel report of price changes and highlights the customer core lists, minicatalogs and static catalogs that are impacted by this change. Sales representative is therefore aware and could take action.
(2511)",€0.00,0 Hours Per Year,€0.00,document,Development,In Progress,"Local, and maybe Group",05/15/2025,https://cloud.uipath.com/lyrecomanagement/DefaultTenant/automationhub_/automation-profile/cash---sal---price-changedelist-report-for-sales,Eduard SEKERES,Eduard SEKERES
CASH,IS,CASH - CS- BackOrder Analysis: Streamlining BO Cleaning Process ,"Cleaning up of back order  data, report creation and communication of findings to customers
(2503)",€0.00,0 Hours Per Year,€0.00,document,Testing,In Progress,Local,05/15/2025,https://cloud.uipath.com/lyrecomanagement/DefaultTenant/automationhub_/automation-profile/cash---cs--backorder-analysis-streamlining-bo-cleaning-process-,Eduard SEKERES,Eduard SEKERES
GERMANY,"Customer Experience,Marketing",GER - MKT - Big_Deal,"So-called Big Deals are sales with customers based on temporary, special purchase prices agreed with the suppliers. This process creates an export of the Big Deal price agreements stored in SAP. The exported data serves as raw data for various other applications, e.g., for permanent revising pricing conditions and product ranges and also for the year-end review.",€750.00,24 Hours Per Year,€0.00,document,Live,In Production,Local,05/14/2025,https://cloud.uipath.com/lyrecomanagement/DefaultTenant/automationhub_/automation-profile/ger---mkt---big-deal,Reiner FRITSCH,Reiner FRITSCH
BENELUX,IT,BNL - CX CID - ZM003068 Direct Delivery Follow-Up,"Quick Win request from the local Data Analyst & PO, Customer Experience department.

For a larger project (Soterya/Intersafe integration) they need to build several reports containing delivery data. Part of this data is inaccessible to them, as it is stored in our SAP environment in the Direct Delivery Follow-Up transaction (T-Code ZM003068). We have access to this data, so a request was done to automate a weekly export of direct delivery follow-up data for all Benelux customers.
Since the generation of this data takes quite a long time, we opted to request the data in a background/spool process. This means this data request does not have to run completely on the foreground. Instead of having to wait, a secondary script will automatically fetch the generated report in a different transaction later on.

Two separate UiPath workflows have been created for this process.

The first workflow (BNL CX CID ZM003068 Direct Delivery Export Request) will navigate to SAP transaction ZM003068 and request the report on any of the available VMs, outside of office hours so that no users nor physical machines are hindered during the runtime of the request.

The second workflow (BNL CX CID SM37 DD Export Fetch) will fetch the weekly results in SAP transaction SM37 and export them to an .XLSX file. The processed file will be uploaded to a designated SharePoint location and shared with the process owners.
The script will be triggered on a weekly basis.","€3,750.00",120 Hours Per Year,€0.00,document,Live,In Production,Local,05/13/2025,https://cloud.uipath.com/lyrecomanagement/DefaultTenant/automationhub_/automation-profile/bnl---cx-cid---zm003068-direct-delivery-follow-up,Wouter Herrrygers,Wouter Herrrygers
SWITZERLAND,IT,CH - LOG - D&S - Supi.MiroInvoices,,"€60,000.00",1920 Hours Per Year,€0.00,,Live,In Production,,05/13/2025,https://cloud.uipath.com/lyrecomanagement/DefaultTenant/automationhub_/automation-profile/chlogdssupimiroinvoices,Bernd Kretzschmar,Bernd Kretzschmar
SWITZERLAND,IT,CH - LOG.Delivery.KUONI.TransferDailyDeliveryData,,"€7,500.00",240 Hours Per Year,€0.00,,Live,In Production,,05/13/2025,https://cloud.uipath.com/lyrecomanagement/DefaultTenant/automationhub_/automation-profile/kuoni-dailydeliveries,Bernd Kretzschmar,Bernd Kretzschmar
GERMANY,"Customer Experience,Marketing",GER - LOG - SAP Delivery Notes,This process retrieves the delivery data for the current business day and the three previous business days from SAP using transaction VL06F and saves the data in two Excel files (delivery header data and delivery item data). This data then serves as the basis for providing our customers with the latest tracking information.   ,€750.00,24 Hours Per Year,€0.00,document,Live,In Production,"Local, and maybe Group",05/05/2025,https://cloud.uipath.com/lyrecomanagement/DefaultTenant/automationhub_/automation-profile/ger---log---sap-delivery-notes,Reiner FRITSCH,Reiner FRITSCH
SWEDEN,Customer Unique Specialist,SWE - FD - Customer Limits based on UC evaluation,"All new customers are automatically assigned a credit limit of 1,500 SEK in the SAP. If their first order exceeds 1,500 SEK, the customer is added to a blocked list for manual handling. A daily manual job is run to retrieve new customers and update their credit limit based on the UC (credit check) evaluation.","€9,000.00",288 Hours Per Year,€0.00,Full_Meeting_Summary_Credit_Limit_Automation_EN.docx,Assessment,Awaiting Review,Local,05/05/2025,https://cloud.uipath.com/lyrecomanagement/DefaultTenant/automationhub_/automation-profile/swe---fd---customer-limits-based-on-uc-evaluation,SVÄRD Peter,SVÄRD Peter
BENELUX,IT,BNL - LOG - Daily Extract SPE to Order PBI,"BNL Local process that will be used to periodically extract SPE To Order source data from a Group PowerBI report, to be shared with local colleagues through SharePoint.

Joint request from the local Demand & Supply & Marketing departments.

Both departments use data concerning customer specifics to follow up on which sales colleagues need to be sent a request whether replenishment of said products is currently required/desired or not. The source data for the files that are used locally comes from a Group Power BI report, but is not accessible to everyone that needs this data.
In order to simplify the availability of this data a request was made to create a daily automated export of the Power BI report.

The UiPath workflow will fetch the Power BI data, export it to a local file and format the data as requested. The data gets subsequently uploaded to a SharePoint location accessible to the necessary process owners.

The script will be triggered on a daily basis.","€2,250.00",72 Hours Per Year,€0.00,document,Live,In Production,Local,04/28/2025,https://cloud.uipath.com/lyrecomanagement/DefaultTenant/automationhub_/automation-profile/bnl-log-daily-extract-spe-to-order-pbi,Wouter Herrrygers,Wouter Herrrygers
GERMANY,"Customer Experience,Marketing",GER - MKT/P&S - SAP Article list  ,"Creation of an article list ZM011019 (""45""), exported from SAP. ","€1,500.00",48 Hours Per Year,€0.00,document,Live,In Production,Local,04/25/2025,https://cloud.uipath.com/lyrecomanagement/DefaultTenant/automationhub_/automation-profile/ger---sal---sap-article-list--,Reiner FRITSCH,Reiner FRITSCH
GROUP,GIS Innovation,TH - CS - Order reject in RIO - Management of EDI orders rejection in SAP,"The robot is intended for the Customer Service team
It allows to process certain type of rejection in transaction ZV011116
Rejection type :
Seasonal Product
Deleted Product
Delisted Product
The product is no longer available","€1,500.00",48 Hours Per Year,€0.00,document,Testing,In Progress,Group,04/23/2025,https://cloud.uipath.com/lyrecomanagement/DefaultTenant/automationhub_/automation-profile/fr---cs---order-reject-in-rio---management-of-edi-orders-rejection-in-sap,Bruno Bastin,"Bruno Bastin, Quentin Chastin"
SWEDEN,Customer Unique Specialist,SWE - CS - Customer Initiated Return Improvment,"Potential opportunity to enhance PostNord bot
Part 1: Today, the bot requires all tracking numbers to be manually entered into the RPA app, which likely results in missed returns.
Part 2: Currently, a return is processed per tracking number, but the Returns Department requests a return per order. Is it possible to obtain data/query that can provide this information to the RPA bot?",,,,,Qualification,Awaiting Review,,04/23/2025,https://cloud.uipath.com/lyrecomanagement/DefaultTenant/automationhub_/automation-profile/swe---cs---customer-initiated-return-improvment,SVÄRD Peter,"SVÄRD Peter, Johan SIEDBERG"
DENMARK,Finance,Further development of an existing RPA solution,"Further development of an existing RPA solution -  DEN-FIN-Incoming invoices (creditors)
Immediate clearing when booking

","€2,250.00",72 Hours Per Year,€0.00,document,Assessment,Not Started,"Local, and maybe Group",04/16/2025,https://cloud.uipath.com/lyrecomanagement/DefaultTenant/automationhub_/automation-profile/further-development-of-an-existing-rpa-solution,Eva NEUHAUSEN,Eva NEUHAUSEN
DENMARK,Finance,SVR - automatic information for accruals ,Monthly upload with necessary information (creditor number and name) and uploaded to excel file,"€3,000.00",96 Hours Per Year,€0.00,document,Assessment,Not Started,"Local, and maybe Group",04/16/2025,https://cloud.uipath.com/lyrecomanagement/DefaultTenant/automationhub_/automation-profile/svr---automatic-information-for-accruals-,Eva NEUHAUSEN,Eva NEUHAUSEN
DENMARK,Finance,CFAC clearing of open items - booking,Automatic posting of amounts below a fixed amount,€750.00,24 Hours Per Year,€0.00,document,Assessment,Not Started,"Local, and maybe Group",04/16/2025,https://cloud.uipath.com/lyrecomanagement/DefaultTenant/automationhub_/automation-profile/cfacbogfring,Eva NEUHAUSEN,Eva NEUHAUSEN
WISE,WYZE,WISE - Data - Back Order Report Extract,"Extract reports for 0018 and 0025 under ZV011216
Then save to a shared drive in Q:\ Drive.
Data Team currently have a script that runs each morning to import into Qube to run the API.
Customer Care sometimes dont have time to do the reports for Back Orders for 0018 and 0025

This is for extended range and with this automation of the reports it will cut the cost of the delivery down per order as they have to do less work when Qube will fire the orders via an API instead of each one being done manually.

With using the new system it will cut the cost per order and in total could be around 50k a year savings.

This might be changed in the future to instead of saving into Q Drive but to inject it via postgresQL.","€50,250.00",1608 Hours Per Year,€0.00,document,Live,In Production,Local,04/14/2025,https://cloud.uipath.com/lyrecomanagement/DefaultTenant/automationhub_/automation-profile/wise---data---back-order-report-extract,John Davies,John Davies
SWEDEN,Customer Unique Specialist,SWE - SA - ZW55 mass run from SAP to NetShop (One-shot) ,"a{text-decoration:none;color:#464feb}
Here is the translation:
Background:Transaction ZW55 in SAP is used to transfer updates from customer cards and chain structures in SAP to NetShop. Since February 12, 2025, this transfer occurs automatically every 30 minutes, based on change pointers on the customer card. The information is sent as an IDoc and automatically read into NetShop via a cus-file. (Exact time when Admin clears its log is unknown)
Before the automatic run was introduced, transaction ZW55 had to be run manually to send changes. This means that there are historical changes today that have not yet been transferred to NetShop.
Purpose:We now need to manually trigger the transfer of our entire customer register – including customer numbers and invoice recipients – to ensure that NetShop has the latest information.
Challenge:It is not possible to trigger the entire register in one run because NetShop has a limitation on how many customer numbers can be handled per read-in. Historically, we have not run more than 1,000 customer numbers at a time to avoid the cus-file becoming too large and difficult to read into Admin.
Number to be mass-run:Customer numbers: approx. 240k Invoice recipients: approx. 100k
Planned working method (robot):
Start from a total file in Excel with customer numbers in one column.
Divide the list into blocks of approximately 1,000 customer numbers at a time.
Enter SAP transaction ZW55, input the customer numbers, and save.
After about 15 minutes, go into Admin and manually read in the generated cus-file.
Repeat the process every 15–30 minutes until the entire register is updated.
Is there anything else you need help with?",€0.00,0 Hours Per Year,"€2,000.00",document,Qualification,Awaiting Review,Local,04/09/2025,https://cloud.uipath.com/lyrecomanagement/DefaultTenant/automationhub_/automation-profile/swe---sa---zw55-mass-run-from-sap-to-netshop--one-shot--,SVÄRD Peter,"SVÄRD Peter, Johan SIEDBERG"
SWEDEN,Customer Unique Specialist,SWE - CS - Automatic Email to Supplier Regarding Delayed Dropshipping Item Lead Time,"For open dropshipment orders where the supplier's lead time, which we also display to the customer on NetShop, has passed and the order is still open, we create an automated email that asks for the status of the order. The responses that come back are handled by a human.
The bot also leaves a comment in SAP and the field that comes with open orders to facilitate further handling.
This will save time in OPS as it takes quite a few clicks to send these emails, allowing us to focus our time on actions or informing the customer.
This will ensure that we close orders and invoice, or keep the customer updated on the status, which improves the customer experience.",€0.00,0 Hours Per Year,€0.00,document,Qualification,Approved,Local,04/09/2025,https://cloud.uipath.com/lyrecomanagement/DefaultTenant/automationhub_/automation-profile/swe---cs---automatic-email-to-supplier-regarding-delayed-dropshipping-item-lead-time,SVÄRD Peter,"SVÄRD Peter, Johan SIEDBERG"
WISE,WYZE,WISE - IS - EUP to 1 Password,"This is an automation to save End User Passwords in to 1 Password.

This is done via a MS Form
Email to IWISE
IWISE will then trigger 1 Password automation to save the password into 1Password.

Reasons:
Not having passwords saved into an excel form in MS Forms/Power Automate
Not having the password emailed to MIS users
Permanently deleting the email in IWISE after the automation has got the information needed
Complies with ISO27001, Keeping the end user password secured in 1Password

IWISE account for 1 Password is also locked down to only read only for one locked down vault of Employee Temp Password. IWISE account not got access to copy or see the password or access to WISE.IS Vault for precaution.
Only MIS users can see the password in the 1 Password app.",€0.00,0 Hours Per Year,€0.00,document,Live,In Production,Local,04/07/2025,https://cloud.uipath.com/lyrecomanagement/DefaultTenant/automationhub_/automation-profile/wise---is---eup-to-1-password,John Davies,John Davies
BENELUX,IT,BNL - CS - Contract Data Split,"Project Stage: Live
Project (T-shirt) size: Quick win
Involved departments: Customer Care
Process owner(s): Local CC team lead
Other stakeholders (if applicable): N/A
Technology used: UiPath
Maintenance: None

Request from the local Team Leader Customer Service / Sales support.

Various datasets needed to be transformed & split on a customer level basis in order to be compatible with the requirements of a platform into which these files need to be uploaded. (Local contract management tool)
Due to the size of the datasets, doing this manually would have taken the operational colleagues too much time while already trying to comply with a short deadline, so an urgent request for a development was made.

The UiPath workflow will iterate through the relevant data sources, split them in separate .CSV files per unique customer code & upload them to a designated SharePoint folder. The output will be shared w/ the process owner.

This workflow has been developed with re-usability in mind, so a similar request in the future can likely be tackled without additional development, as long as the input structure remains identical. Usage frequency is not fixed but will vary based on the needs of the local CS/Sales Support team.","€6,000.00",192 Hours Per Year,€0.00,document,Live,In Production,Local,04/01/2025,https://cloud.uipath.com/lyrecomanagement/DefaultTenant/automationhub_/automation-profile/bnl-cs-contract-data-split,Wouter Herrrygers,Wouter Herrrygers
CASH,IS,CASH - HR - New Employee Data Transformation for Payroll,"-!!!- This project was cancelled because of roadblock, that prevented stable runs of the robot -!!!-
This automation extracts data from excel report (exported from Workday questionnaire) and inputs it into different Excel report, which is stored on Sharepoint. ",€187.50,6 Hours Per Year,€0.00,document,Development,Cancelled,Local,03/27/2025,https://cloud.uipath.com/lyrecomanagement/DefaultTenant/automationhub_/automation-profile/cash---hr---new-employee-data-transformation-for-payroll,Eduard SEKERES,Eduard SEKERES
GERMANY,"Customer Experience,Marketing",GER - LOG - Warehouse KPI 2 ,"GER - LOG - Warehouse KPI 2 is an addition  to process GER - LOG - Warehouse KPI.  


To manage logistics processes at the German warehouse in Bantorf, logistics managers rely on various key performance indicators.
This RPA process determines the desired key performance indicators from a total of 3 different Excel files, maintained by logistics employees,  based on the previous workday. 
The collected data is added to already created result data sentences (created by GER- LOG - Warehouse KPI) stored in one table in the LYRECO_DE database environment. 
They serve as raw data for a performance dashboard specially developed for logistics managers, which displays this data for each workday at the click of a button.

The complete process, containing of  GER - LOG- Warehouse KPI  and addition GER - LOG - Warehouse KPI 2,   is described in the process description, attached in this card. 
","€1,125.00",36 Hours Per Year,€0.00,Description of RPA process Warehouse KPI.docx,Live,In Production,Local,03/26/2025,https://cloud.uipath.com/lyrecomanagement/DefaultTenant/automationhub_/automation-profile/ger---log---warehouse-kpi-2-,Reiner FRITSCH,Reiner FRITSCH
GERMANY,"Customer Experience,Marketing",GER - LOG - Warehouse KPI,"To manage logistics processes at the German warehouse in Bantorf, logistics managers rely on various key performance indicators. This RPA process determines the desired key performance indicators from a total of 11 different SAP transactions based on the previous workday. The collected data is stored in four different tables in the LYRECO_DE database environment. They serve as raw data for a performance dashboard specially developed for logistics managers, which displays this data for each workday at the click of a button.

The complete process, containing of  GER - LOG- Warehouse KPI  and addition GER - LOG - Warehouse KPI 2,   is described in the process description, attached in this card.","€1,125.00",36 Hours Per Year,€0.00,Description of RPA process Warehouse KPI.docx,Live,In Production,"Local, and maybe Group",03/26/2025,https://cloud.uipath.com/lyrecomanagement/DefaultTenant/automationhub_/automation-profile/ger---log---warehouse-kpi,Reiner FRITSCH,Reiner FRITSCH
DENMARK,Sales,DEN-SAL-Verification of caller list,Idea has been pitched to our local RPA team and they know about the workload. ,€750.00,24 Hours Per Year,€0.00,Gensys,Assessment,Not Started,"Local, and maybe Group",03/26/2025,https://cloud.uipath.com/lyrecomanagement/DefaultTenant/automationhub_/automation-profile/den-sal-verification-of-caller-list,Nadia BLUME,"Nadia BLUME, Emil Thrane DAGELYKKE, Lars Christensen"
GERMANY,"Customer Experience,Sales",GER - SAL - Requesting SD-Statistics,"This process aims to automate the retrieval of SD statistics in SAP. These can either be recurring requests that are processed monthly or daily requests that can be initiated via a developed web interface.

PS: The Documentation is written in german, if you need more iformation don't hesitate to contact us.","€15,000.00",480 Hours Per Year,€0.00,Prozessdokumentation_SD-Statistiken abrufen.docx,Assessment,In Progress,Group,03/25/2025,https://cloud.uipath.com/lyrecomanagement/DefaultTenant/automationhub_/automation-profile/requesting-sd-statistics,Abdelaziz TEKAYA,Abdelaziz TEKAYA
DENMARK,MARKETING,DEN-SAL-DCT Pricing,"Hi,
We would like to add a price module for DCT . This is the project definition:
Data in eCat Tool – Commision Cost & Bottom price
RPA process – Daily task
Daily extractions from ZM011031 (MM-0045 file)
     The file should contain following columns:
Item number
Commision cost (Not visible in DCT)
Bottom Price (Not visible in DCT)
      Format: .xlsx
eCat Tool – URL: http://aalecllappprd01.lyreco.com:8080
User       credentials:
 dk.ibot@lyreco.com
      Lyreco_4000!
Local data
system-settings/local-data/storage/
Upload LocalData file to server
Import file
DIGITAL_CATALOG_TOOL:       ecatalogs/6576b9467307b05cf50609aa/
Regenerate",€750.00,24 Hours Per Year,€0.00,document,Assessment,Not Started,"Local, and maybe Group",03/24/2025,https://cloud.uipath.com/lyrecomanagement/DefaultTenant/automationhub_/automation-profile/den-sal-dct-pricing,Lars Christensen,"Lars Christensen, Nadja CHRISTENSEN, Jimmi PETERSEN"
DENMARK,MARKETING,DEN-LOG-Change currier in Denmark,"Hi RPA,
Can you please implement RPA for changing currier in Denmark.","€45,000.00",1440 Hours Per Year,€0.00,fluxDHL 1 -en.docx,Testing,In Progress,"Local, and maybe Group",03/07/2025,https://cloud.uipath.com/lyrecomanagement/DefaultTenant/automationhub_/automation-profile/den-log-change-currier-in-denmark,Lars Christensen,"Lars Christensen, Linda Molnit SCHYTH, Emil Thrane DAGELYKKE, Kim Jagd FREDERIKSEN"
SWITZERLAND,"Customer Service,Sales",CH - MKT - WebshopBanner,,,,,document,Idea,Awaiting Review,"Local, and maybe Group",03/05/2025,https://cloud.uipath.com/lyrecomanagement/DefaultTenant/automationhub_/automation-profile/ch-mkt-webshopbanner,Francesco SONETTO,Francesco SONETTO
SWITZERLAND,IT,CH - CS - KUNO - Kundenorder (Customer Order Processing),,"€15,000.00",480 Hours Per Year,€0.00,document,Live,In Production,"Local, and maybe Group",02/26/2025,https://cloud.uipath.com/lyrecomanagement/DefaultTenant/automationhub_/automation-profile/ch---kuno---kundenorder--customer-order-processing-,Bernd Kretzschmar,Bernd Kretzschmar
SWITZERLAND,IT,CH - CS - MOCCA - Merchandiser Order Company Coffee Automation,,"€15,000.00",480 Hours Per Year,€0.00,document,Live,In Production,Local,02/26/2025,https://cloud.uipath.com/lyrecomanagement/DefaultTenant/automationhub_/automation-profile/mocca---merchandiser-order-company-coffee-automation,Bernd Kretzschmar,Bernd Kretzschmar
DENMARK,Quality,DEN-QSS-Automation of CO2e-tool update,That updates of the CO2e-tool is run autmatically instead of manually every 2 to 4 weeks,"€1,875.00",60 Hours Per Year,€0.00,Book1.pdf,Assessment,Not Started,Local,02/26/2025,https://cloud.uipath.com/lyrecomanagement/DefaultTenant/automationhub_/automation-profile/den-qss-automation-of-co2e-tool-update,Christoffer SLOTH,"Christoffer SLOTH, Lars Christensen"
ITALY,IT,IT - MKT - pricing ZM003007 download,"Our mkt and replenishment department needs to download the list of products for each individual supplier from SAP (ZM003007) several times a year.
Once the files have been consolidated into a single csv file, they are processed by hand and in a subsequent automation (to be defined) they will be bolted and loaded back into sap. 
We took inspiration from Wouter's ""BNL - MKT - Pricing ZM003007 Mass Download"" automation and adapted it to our local needs.","€6,000.00",192 Hours Per Year,€0.00,document,Assessment,Not Started,"Local, and maybe Group",02/24/2025,https://cloud.uipath.com/lyrecomanagement/DefaultTenant/automationhub_/automation-profile/it---mkt-princing,Carlo Milia,"Carlo Milia, Cristina MEREGALLI, Luca Farina"
BENELUX,IT,BNL - MKT - ZM003071 Inject Product Status Code 98,"Local workflow used to inject data from a work file maintained by the local marketing (Products & Services) colleagues into our SAP environment (T-Code ZM003071).

Manual execution of this task was done on a monthly basis and would cost the PO a significant amount of time. There are also some limitations to the SAP transaction, such as it requesting the input file to specifically be a tab delimited .TXT file, as well as only accepting a maximum of 500 rows per file.

The script will run on a weekly basis (Fridays after working hours) and fetch the most recently generated version of the Status 99 file. It will filter on all references that have been marked for delisting by the operational colleagues and format the data to match the specifications/requirements of the SAP transaction.

The workflow will open SAP and upload all files in the designated transaction. Any type of warning / exception will get logged. The process owner will receive an email containing the relevant runtime statistics at the end of the execution.","€2,812.50",90 Hours Per Year,€0.00,document,Live,In Production,Local,02/21/2025,https://cloud.uipath.com/lyrecomanagement/DefaultTenant/automationhub_/automation-profile/bnl-mkt-zm003071-inject-product-status-code-98,Wouter Herrrygers,Wouter Herrrygers
CASH,IS,CASH - MKT - Purchase Prices change in SAP,"This process downloads all files from Sharepoint folder (Promo prices and regular prices folder). Then, for each Excel file, goes row by row and updates prices in SAP via ZL81 transaction. Writes the price change in % back into excel.
After it's, moves the excel file with timestamp into respective ""Done"" folder.","€4,500.00",144 Hours Per Year,€0.00,"ZL81-transaction,Input XLS",Live,In Production,"Local, and maybe Group",02/21/2025,https://cloud.uipath.com/lyrecomanagement/DefaultTenant/automationhub_/automation-profile/cash---mkt---purchase-prices-change-in-sap,Eduard SEKERES,Eduard SEKERES
DENMARK,MARKETING,DEN-SAL-Automated extraction for NBS Viewer,Please create BOt for SAP and BING extraction,"€1,875.00",60 Hours Per Year,€0.00,document,Live,In Production,Local,02/19/2025,https://cloud.uipath.com/lyrecomanagement/DefaultTenant/automationhub_/automation-profile/den-sal-automated-extraction-for-nbs-viewer,Lars Christensen,"Lars Christensen, Therese SCHLEISNER-PETERSEN, Emil Thrane DAGELYKKE"
GROUP,GIS Innovation,HK - CS - Order reject in RIO - Management of EDI orders rejections,"The robot is intended for the Customer Service team
It allows to process certain type of rejection in transaction ZV011116
Rejection type :
Seasonal Product
Deleted Product
Delisted Product
The product is no longer available","€5,250.00",168 Hours Per Year,€0.00,document,Live,In Production,Group,02/18/2025,https://cloud.uipath.com/lyrecomanagement/DefaultTenant/automationhub_/automation-profile/hk---cs---order-reject-in-rio---management-of-edi-orders-rejections,Bruno Bastin,"Bruno Bastin, Quentin Chastin"
GROUP,GIS Innovation,FIN - CS - Order reject in RIO - Management of EDI orders rejections,"The robot is intended for the Customer Service team
It allows to process certain type of rejection in transaction ZV011116
Rejection type :
Seasonal Product
Deleted Product
Delisted Product
The product is no longer available","€6,000.00",192 Hours Per Year,€0.00,document,Live,In Production,Group,02/18/2025,https://cloud.uipath.com/lyrecomanagement/DefaultTenant/automationhub_/automation-profile/fin---cs---order-reject-in-rio---management-of-edi-orders-rejections,Bruno Bastin,"Bruno Bastin, Quentin Chastin"
SWEDEN,Customer Unique Specialist,SWE - SC - Return HUD,"I like development and everything you can do with AI and programming, so I had an idea. A HUD-like thing in gaming terms. Heads-up display. Or augmented reality if you prefer. An extra monitor with this new software that automatically pulls up information for me based on what I'm doing on another screen.
Consider this example:
I enter an order number for an order in SAP that has been returned from the post.
On the second monitor, I then get information directly from the PostNord portal about all the parcels returned or just the one in front of me.
On the same monitor, I also get information on whether the parcel contains special order items (which need to be handled differently) and whether it contains hazardous materials. None of this can be seen directly in SAP.
I also want to get the invoice number for the order without having to go into the document flow.
That would significantly ease my daily work. This is just one example out of thousands of possibilities.
In that HUD, you could divide the use cases into different parts of the building/company. Returns need one variant. Replenishment, goods receipt, full-case, customer service, purchasing, etc., need another. What information is relevant for the specific department you are in. But if you create a stable, broad base platform with different modules or whatever you call it, we would have a fantastic tool to streamline the work EVERYONE does.","€18,750.00",600 Hours Per Year,€0.00,document,Idea,Awaiting Review,Local,02/18/2025,https://cloud.uipath.com/lyrecomanagement/DefaultTenant/automationhub_/automation-profile/swe---sc---return-hud,SVÄRD Peter,"SVÄRD Peter, Johan SIEDBERG"
SWEDEN,Customer Unique Specialist,SWE - Sales - Email SLA Sales Operations,"Brief Description: Automatically count the number of emails received and handled from a shared inbox (kundregister.SE@lyreco.com) in Outlook.
Report 1 - Number of Cases: (Sent once per day at 23:00)
Need to have: Counts the number of emails received per day.
Need to have: Counts the number of emails handled per day.
Need to have: Counts the number of emails each person has handled based on category (color) per day.
Nice to have: Does not count emails that are replies based on the subject. If the subject is the same, the case is counted as 1.
Nice to have: Counts the number of emails required to meet the SLA for the next day (both account applications and changes).
Report 2 - SLA: (Option 1 - Monitor SLA in real-time) (Option 2 - Monitor SLA with reports sent twice per day at 12:00 and 23:00)
Need to have: How many emails are left to meet our SLA goals.
SLA Levels:
Account Applications: 24 hours, added to the Account Application category/color.
Changes: 36 hours, not added to a category/color.
Day: Account Applications: Changes:
Monday = none from Friday none from Thursday
Tuesday = none from Monday none from Friday
Wednesday = none from Tuesday none from Monday
Thursday = none from Wednesday none from Tuesday
Friday = none from Thursday none from Wednesday
I can explain more about the SLA levels if the above is unclear. 😊","€7,500.00",240 Hours Per Year,€0.00,document,Assessment,Awaiting Review,"Local, and maybe Group",02/18/2025,https://cloud.uipath.com/lyrecomanagement/DefaultTenant/automationhub_/automation-profile/swe---sales---email-sla-sales-operations,SVÄRD Peter,"SVÄRD Peter, Johan SIEDBERG"
BENELUX,IT,BNL - MKT - Extract Product Status Code 99,"Local workflow used to fetch, manipulate & format data extracted from our SAP environment into a workfile used by the local marketing (Products & Services) colleagues.

Manual execution of this task was done on a monthly basis and would cost the PO a significant amount of time. Given that the automation only needs a few minutes to generate this file, the frequency of this process can be increased as well. The local PO used to generate this file using PowerBI reports, but the workflow will be extracting the required data directly out of our SAP environment using various data tables available in the SE16 transaction (MVKE / MAKT / MARC / MARD / S032 / T024 / T024D / T179).

The script will run on a weekly basis and generate new versions of the Status 99 file based on the current status of the various columns in scope. The workflow will transform and modify the data based on the required columns & filters of the workfile based on a template. 


The process also comes with a linked Studio Cloud workflow that will serve the dual purpose of a scheduled trigger for this workflow as well as an archiving tool.
A weekly scheduled trigger will launch the Studio Cloud workflow (@ 02:00 AM CET), which will in its turn launch this workflow. Once this workflow is finished and the requested file has been generated, the Studio Cloud workflow will continue by fetching last week's generated file in the designated SharePoint folder and archiving it.
In the unlikely event of a failure the archival will still be done, given that the previous version will no longer be required in any case.","€2,812.50",90 Hours Per Year,€0.00,document,Live,In Production,Local,02/13/2025,https://cloud.uipath.com/lyrecomanagement/DefaultTenant/automationhub_/automation-profile/bnl-mkt-extract-product-status-code-99,Wouter Herrrygers,Wouter Herrrygers
BENELUX,IT,BNL - CS - Vlamboog Data Split,"Project Stage: Live
Project (T-shirt) size: Quick win
Involved departments: Customer Care
Process owner(s): Local CC team lead
Other stakeholders (if applicable): N/A
Technology used: UiPath
Maintenance: None
Ad-hoc request from the local Team Leader Customer Service.

Two datasets needed to be transformed & split on a customer level basis in order to in order to be compatible with the requirements of a platform into which these files need to be uploaded. Due to the sheer size of the datasets (+- 35K lines), doing this manually would have taken the operational colleagues too much time while trying to comply with a short deadline, so an urgent request for an ad-hoc development was made.

The UiPath workflow will iterate through the relevant data sources, split them in separate .CSV files per unique customer code & upload them to a designated SharePoint folder. The output will be shared w/ the process owner.

The robot will most likely not be triggered frequently given that it has been developed as a consequence of an urgent request. That said, it has been developed with re-usability in mind, should a similar request re-occur in the future.","€4,500.00",143.9999999999999999999999999999999999999999999999999999999999999 Hours Per Year,€0.00,document,Live,In Production,Local,02/13/2025,https://cloud.uipath.com/lyrecomanagement/DefaultTenant/automationhub_/automation-profile/bnl-cs-vlamboog-data-split,Wouter Herrrygers,Wouter Herrrygers
BENELUX,IT,BNL - MKT/SAL - Pricing Tools Preparation,"Local workflow used to generate various tools used by the local commercial colleagues, based on a master data source file.

Manual execution of this task was done on a monthly basis and would cost the PO almost a full working day. Given that the automation only needs a few minutes to generate this list, the frequency of this process can be increased as well.

The script will run on a weekly basis and generate new versions of the tools in scope based on the most recent version of the master data source file. The workflow will transform and modify the source data based on the required sheets, columns & filters of the designated tools. Some files might also come with additional manipulations, such as using VBA enabled macros in order to achieve the desired set-up of the tools in scope.

In the current version the workflow generates the following tools:
- Price offer tool
- Item Status list
- National quotes & tenders file


The process also comes with a linked Studio Cloud workflow that will serve the dual purpose of a scheduled trigger for this workflow as well as an archiving tool.

A weekly scheduled trigger will launch the Studio Cloud workflow (@ 04:30 AM CET), which will in its turn launch this workflow. Once this workflow is finished and the requested tools have been generated, the Studio Cloud workflow will continue by fetching last week's generated file(s) in the designated SharePoint folder(s) and archiving it/them.
In the unlikely event of a failure the archival will not be done, in order to ensure the most recent version of the tool remains available to the commercial colleagues.","€15,000.00",480 Hours Per Year,€0.00,document,Live,In Production,Local,02/13/2025,https://cloud.uipath.com/lyrecomanagement/DefaultTenant/automationhub_/automation-profile/bnl-mktsal-pricing-tools-preparation,Wouter Herrrygers,Wouter Herrrygers
BENELUX,IT,BNL - SAL - Customer data : White and Blue Collar corrections,"White and Blue collars are not editable anymore in USFA.  To keep the data up to date, the sales need to get this into SAP.","€2,250.00",72 Hours Per Year,€0.00,document,Live,In Production,"Local, and maybe Group",02/13/2025,https://cloud.uipath.com/lyrecomanagement/DefaultTenant/automationhub_/automation-profile/rpa---bnl-customer-data--white-and-blue-collar-corrections,Benoit Duchesne,"Benoit Duchesne, Sophie Habran"
BENELUX,IT,BNL - SAL - SPW OCR Order intake check ,"The purpose is to minimise the price and unit issues on deliveries and invoicing.
SPW is a public customer that can count penalties in case the contract is not followed","€3,750.00",120 Hours Per Year,€0.00,document,Live,In Production,Local,02/13/2025,https://cloud.uipath.com/lyrecomanagement/DefaultTenant/automationhub_/automation-profile/bnl---spw-ocr-order-intake-check-,Benoit Duchesne,Benoit Duchesne
FRANCE,IS,FR - FI - Facturation Marketing SAP,The robot create billing in SAP,"€7,500.00",240 Hours Per Year,€0.00,document,Testing,In Progress,Local,01/15/2025,https://cloud.uipath.com/lyrecomanagement/DefaultTenant/automationhub_/automation-profile/fr-fi-facturation-marketing-sap,Julien PICQUET,Julien PICQUET
DENMARK,MARKETING,DEN-SC-MA numbers in Områdefil,We would like to have MA numbers and MA customer names in our Områdefil. This is to be able to see the expense on the different customers.,"€1,875.00",60 Hours Per Year,€0.00,document,Live,In Production,"Local, and maybe Group",01/08/2025,https://cloud.uipath.com/lyrecomanagement/DefaultTenant/automationhub_/automation-profile/denscmanumbersinomrdefil,Lars Christensen,"Lars Christensen, Linda Molnit SCHYTH"
DENMARK,Marketing,DEN - MKT - C01 - Activate a product,Sometimes we need to activate a lot of products and unfortunately it is done manually in MM02 per item.,€750.00,24 Hours Per Year,€0.00,document,Live,In Production,Local,12/30/2024,https://cloud.uipath.com/lyrecomanagement/DefaultTenant/automationhub_/automation-profile/c01---activate-a-product,Tina Skroeder OLSEN,"Tina Skroeder OLSEN, Lars Christensen"
GROUP,GIS Innovation,DK - CS - Order reject in RIO - Management of EDI orders reject,"The robot is intended for the Customer Service team
It allows to process certain type of rejection in transaction ZV011116
Rejection type :
Seasonal Product
Deleted Product
Delisted Product
The product is no longer available","€18,000.00",576 Hours Per Year,€0.00,document,Live,In Production,Group,12/23/2024,https://cloud.uipath.com/lyrecomanagement/DefaultTenant/automationhub_/automation-profile/dk---cs---order-reject-in-rio---management-of-edi-orders-reject,Bruno Bastin,"Bruno Bastin, Ditte-Maria Skaarup RASMUSSEN, Quentin Chastin"
FRANCE,Marketing,FR - MKT - Loading declaration of conformity data sheets into STEP,automated déclaration of conformity data sheets into the Lyreco corporate tool.,"€1,125.00",36 Hours Per Year,€0.00,Processus de chargement en masse des déclarations de conformité dans STEP.docx,Assessment,In Progress,"Local, and maybe Group",12/20/2024,https://cloud.uipath.com/lyrecomanagement/DefaultTenant/automationhub_/automation-profile/fr---mkt---loading-declaration-of-conformity-data-sheets-into-step,Valentin GUERIN,Valentin GUERIN
FRANCE,Marketing,FR - MKT - Loading size chart sheets into STEP,automated size chart sheets into the Lyreco corporate tool.,"€1,125.00",36 Hours Per Year,€0.00,Processus de chargement en masse des tableau des tailles SC dans STEP.docx,Assessment,Not Started,"Local, and maybe Group",12/20/2024,https://cloud.uipath.com/lyrecomanagement/DefaultTenant/automationhub_/automation-profile/fr---mkt---loading-size-chart-sheets-into-step,Valentin GUERIN,Valentin GUERIN
FRANCE,Marketing,FR - MKT - Loading technical sheets into STEP,automated loading of technical sheets into the Lyreco corporate tool.,"€1,125.00",36 Hours Per Year,€0.00,Processus de chargement en masse des fiches technique dans STEP.docx,Assessment,Not Started,"Local, and maybe Group",12/19/2024,https://cloud.uipath.com/lyrecomanagement/DefaultTenant/automationhub_/automation-profile/fr---mkt---loading-technical-sheets-into-step,Valentin GUERIN,Valentin GUERIN
FRANCE,Marketing,FR - MKT - Loading instructions for use into STEP,automated instructions for use data sheets into the Lyreco corporate tool.,"€1,125.00",36 Hours Per Year,€0.00,Processus de chargement en masse des fiches d'utilisations dans STEP.docx,Assessment,Not Started,"Local, and maybe Group",12/19/2024,https://cloud.uipath.com/lyrecomanagement/DefaultTenant/automationhub_/automation-profile/fr---mkt---instructions-for-use-into-step,Valentin GUERIN,Valentin GUERIN
DENMARK,MARKETING,DEN-LOG-Direct delivery,We would like the BOT to fecth the list and send it to the departments in charge of the open issues,€562.50,18 Hours Per Year,€0.00,direkte leveringer cs.xls,Assessment,Not Started,Local,12/19/2024,https://cloud.uipath.com/lyrecomanagement/DefaultTenant/automationhub_/automation-profile/den-log-direct-delivery,Lars Christensen,"Lars Christensen, Ditte-Maria Skaarup RASMUSSEN"
BENELUX,IT,BNL - MKT - OneShot - MRP Pricing Project,"Ad-hoc/OneShot Request from the local Pricing Expert, Marketing Head of Core Office Supplies & MT Project Manager.

A large PowerBI dataset needed to be transformed, manipulated & interpreted sequentially on a customer level basis in order to enable strategic analysis & decision-making concerning the price setting Lyreco Benelux wants to adhere to in YTD+1. Due to the sheer size of the dataset (+- 80K lines), doing this manually would have been nearly impossible within the provided timeframe, so an urgent request for an ad-hoc development was made.

The UiPath workflow will iterate through the relevant data sources, merge them accordingly and iterate through the joined data table on a line level basis in order to calculate the correct proposed strategy for each customer and their respective products. The output will be shared w/ the process owners and can be used as a basis for further analysis.

This is a oneshot request. The robot will most likely not be triggered periodically.
That said, it has been developed with re-usability in mind, should a similar request re-occur in the future.",€0.00,0 Hours Per Year,€500.00,document,Live,In Production,Local,12/16/2024,https://cloud.uipath.com/lyrecomanagement/DefaultTenant/automationhub_/automation-profile/bnl---mkt---oneshot---mrp-pricing-project,Wouter Herrrygers,"Wouter Herrrygers, Niels Bekaert, Benoit Duchesne"
BENELUX,IT,BNL - MKT - Pricing ZM003008 Mass Re-Upload,"Request from the local Products & Services (Marketing Department)

During the end of year pricing update process the local Products & Services (Marketing) department in Benelux needs to upload all new purchase prices in SAP. In order to do this they need to extract a file on a per supplier basis from the SAP transaction ZM003007. Afterwards, this supplier file gets matched with a purchase price bible that contains the new price for the coming year, as well as the corresponding unit. 

These two parts of the process have already been automated previously, you can find the respective projects under the following Automation Hub card titles:
BNL - MKT - Pricing ZM003007 Mass Download 
BNL - MKT - Pricing Purchase Price Match
There is however one more part that had been done manually until now, which is re-uploading all these supplier files in SAP, more specifically in transaction ZM003008.
Doing this manually generates a significant workload for multiple employees. Given the repetitive nature of the actions that need to be carried out per iteration, a request was made to also automate this part of the process using RPA.

The UiPath workflow will fetch all 'To upload' files in a specific SharePoint folder and iterate through them. For each file in the designated folder, the script will check whether it concerns a core 'CAT' product file, or a non-core 'SPX' product file, given that these types of products need to be re-uploaded with a different 'Valid To' date in the designates SAP transaction. The script will upload the file using pre-set parameters (Valid From / Valid To / Percent Rate) and keep track of a possible pop-up message that states whether the file contains products price changes outside of the pre-set boundaries or not. Exceptions will get logged, as well as files that got skipped due to being unresolvable in terms of 'Type of file'.

The script will be triggered periodically, but this should be limited to a few times per year given that these uploads will only be required during a specific part of the End of Year Pricing process (and possibly the Mid Year Pricing process).","€3,000.00",96 Hours Per Year,€0.00,document,Live,In Production,Local,12/16/2024,https://cloud.uipath.com/lyrecomanagement/DefaultTenant/automationhub_/automation-profile/bnl-mkt-pricing-zm003008-mass-re-upload,Wouter Herrrygers,"Wouter Herrrygers, Severine Merlin"
CASH,IS,CASH - GLS Shipment,"This automation is responsible for generating shipment labels from CASH SAP to GLS (our external delivery partner for Austria). First it ""releases parcels in preparation"" via ZV41 and then downloads report from SAP transaction ZL011041. Then it creates adds header to this .csv. Afterwards, it read the data line by line and for each creates a JSON. These json files are then sent to GLS API and we receive a response with confirmation and base64 encoded shipping label for Zebra printer. These are uploaded to CASH network drive, where they can be printed by warehouse crew during their shift. Since this process will run multiple times a day and we also create a ""delta file"" to exclude already processed parcels.","€75,000.00",2400 Hours Per Year,€0.00,document,Live,In Production,"Local, and maybe Group",12/16/2024,https://cloud.uipath.com/lyrecomanagement/DefaultTenant/automationhub_/automation-profile/cash---gls-shipment,Eduard SEKERES,Eduard SEKERES
DENMARK,Quality,DEN-QSS-Check of Hazard-sentences ,To Check if there is Hazard sentences on a product safety sheet. the BOT needs to recognize the red square with different Hazard sentences,"€1,000.00",32 Hours Per Year,€0.00,document,Qualification,Awaiting Review,"Local, and maybe Group",12/11/2024,https://cloud.uipath.com/lyrecomanagement/DefaultTenant/automationhub_/automation-profile/denqsstjekaffarestninger,Christoffer SLOTH,"Christoffer SLOTH, Lars Christensen"
DENMARK,Marketing,DEN-MKT-98/99 markings_Ver2,"Hi RPA team,
Can you please make this change to the existing process in production.
Change: When a product is marked as 98, then it has to change the page in a new TAB in SAP to 950.
New recording with new function added here.
Please, just look at C01 and SPE. (And not ex. A01)
","€1,500.00",48 Hours Per Year,€0.00,document,Live,In Production,Local,12/11/2024,https://cloud.uipath.com/lyrecomanagement/DefaultTenant/automationhub_/automation-profile/den-mkt-9899-markings-ver2,Tina Skroeder OLSEN,"Tina Skroeder OLSEN, Lars Christensen"
BENELUX,IT,BNL - CX Data Insights - Update Deals Customer Order,"Request from the local Digital Marketing manager & Marketing Head of Core Office Supplies.

A human error had been detected in the Vistex module of our SAP environment, in which product promotions are created/managed. Due to this error a large amount of customer orders did not have the correct deals applied to them. Trying to resolve this manually would have cost the operational colleagues a large amount of time, so an urgent request was made to automate the steps in this process, before these customers would have received an incorrect invoice.

The UiPath workflow will read the source data that needs to be processed, open the customer orders sequentially (SAP T-code VA02) and re-apply the correct deals to every one of them. Exceptions will get documented and a log of the current runtime will get shared with the process owners at the end of the workflow.

The script will be triggered on an ad-hoc basis.","€3,000.00",96 Hours Per Year,€0.00,document,Live,In Production,Local,11/29/2024,https://cloud.uipath.com/lyrecomanagement/DefaultTenant/automationhub_/automation-profile/bnl---cx-data-insights---update-deals-customer-order,Wouter Herrrygers,"Wouter Herrrygers, Niels Bekaert"
DENMARK,Marketing,DEN-MKT-SKI KATALOG 9895,"Can you please create a function that compares prices on the SKI catalogue, so we can avoid price/linking errors at the customer.",€750.00,24 Hours Per Year,€0.00,document,Live,In Production,Local,11/25/2024,https://cloud.uipath.com/lyrecomanagement/DefaultTenant/automationhub_/automation-profile/den-mkt-ski-cmc-to-catalogue,Louise WOLFF,"Lars Christensen, Louise WOLFF"
SWEDEN,Customer Unique Specialist,SWE - MKT - Add certifications in Item Creation Tool,"When an item to be created in the Item Creation Tool is certified, the process should automatically populate the form within the tool. The certifications are stored in structured data.","€22,500.00",720 Hours Per Year,€0.00,document,Idea,Awaiting Review,Local,11/21/2024,https://cloud.uipath.com/lyrecomanagement/DefaultTenant/automationhub_/automation-profile/add-certifications-in-item-creation-tool,SVÄRD Peter,"SVÄRD Peter, Johan SIEDBERG"
SWEDEN,Customer Unique Specialist,SWE - SC - Automate Region Quotas in Netshop Admin (Carlsberg),"Check for returns on Carlsberg orders and adjust the region limit to match the actual stock quantity in Netshop Admin.
Check total value of ""Used"" against Stock and increase the limit equally.","€1,875.00",60 Hours Per Year,€0.00,document,Idea,Awaiting Review,Local,11/21/2024,https://cloud.uipath.com/lyrecomanagement/DefaultTenant/automationhub_/automation-profile/automate-region-quotas-in-netshop-admin--carlsberg-,SVÄRD Peter,SVÄRD Peter
DENMARK,Marketing,DEN-MKT-NS- Reverse flow of   Automatic flow in Nonstock DK  - Mark for deletion -  ,"Hi Kim as agreed, we need a excel makro in excel to reopen item no. in SAP - reverse flow of this ticket Automatic flow in Nonstock DK  - Mark for deletion -  Clean-up inactive item numbers","€23,625.00",756 Hours Per Year,€0.00,document,Live,In Production,Local,11/21/2024,https://cloud.uipath.com/lyrecomanagement/DefaultTenant/automationhub_/automation-profile/den-mkt-ns--reverse-flow-of---automatic-flow-in-nonstock-dk----mark-for-deletion----,Jeanette CLAUSEN,"Jeanette CLAUSEN, Lars Christensen"
DENMARK,Marketing,DEN-MKT-PICTURE CHANGE FROM PNG TO JPG AND UPLOAD,"We would like to get a robot that can change from PNG to JPG and upload it into STEP.
All non picture files must be deleted from the drive.
When the files are uploaded, the files from Onedrive must be moved to an archive folder.
The BOT have to read error log from STEP and send it to MKT common mail.
The BOT must run every night at 20:00.
This solution must be copied to Branding, MKT and Nonstock","€45,000.00",1440 Hours Per Year,€0.00,document,Live,In Production,Local,11/18/2024,https://cloud.uipath.com/lyrecomanagement/DefaultTenant/automationhub_/automation-profile/den-mkt-picture-change-from-png-to-jpg-and-upload,Louise WOLFF,"Louise WOLFF, Lars Christensen"
DENMARK,Marketing,DEN-MKT-SKI-LINKS,We need to have this robot made for SKI on links to resolve errors before invoicing and to find errors before they occur in RIO,"€45,000.00",1440 Hours Per Year,€0.00,document,Live,In Production,Local,11/14/2024,https://cloud.uipath.com/lyrecomanagement/DefaultTenant/automationhub_/automation-profile/den-mkt-ski-links,Louise WOLFF,"Louise WOLFF, Lars Christensen"
DENMARK,"Customer Service,Coffee Services",DEN-CS-HIERARCHY LINK,Is it possible to make a robot which links accounts to hierachies or change from one hiearchy to another? ,"€18,750.00",600 Hours Per Year,€0.00,document,Assessment,Not Started,"Local, and maybe Group",11/13/2024,https://cloud.uipath.com/lyrecomanagement/DefaultTenant/automationhub_/automation-profile/den-cs-hierarchy-link,Melissa Anja MUNKEDAL,"Melissa Anja MUNKEDAL, Lars Christensen"
BENELUX,IT,BNL - CS ISF - Boels XLSX ordering to EDI,"Boels customer sends on daily base 10 to 20 orders in XLSX format.
The orders need to be keyed in in SAP and this is a dummy task with a rather long process time.","€6,000.00",192 Hours Per Year,€0.00,document,Live,In Production,Local,10/31/2024,https://cloud.uipath.com/lyrecomanagement/DefaultTenant/automationhub_/automation-profile/bnl---cs-isf---boels-xlsx-ordering-to-edi,Benoit Duchesne,Benoit Duchesne
DENMARK,Customer Service,DEN-CS-IWG_PLC-PO,Automating order entry using RPA,"€3,750.00",120 Hours Per Year,€0.00,document,Live,In Production,"Local, and maybe Group",10/31/2024,https://cloud.uipath.com/lyrecomanagement/DefaultTenant/automationhub_/automation-profile/den-cs-iwg-plc-po,Ditte-Maria Skaarup RASMUSSEN,"Ditte-Maria Skaarup RASMUSSEN, Lars Christensen"
GROUP,IS,GRP - IS - P2P Approval Matrix - Release strategy automation,"Hello,

We would like to create a ROBOT to speed but very difficult process which is P2P. This is very time consuming process for SAP Support Team and while it's so urgent we cannot speed this up by any chance.
In future some countries might be interested in going live into P2P to approve cost inside the Business meaning that this will be even harder to complete for other subs. For now process only applies for LM. ","€15,000.00",480 Hours Per Year,€0.00,"SOP 024 Approval Matrix HQ (PO, VIM) - Rel. strategy.docx,document",Development,In Progress,Group,10/30/2024,https://cloud.uipath.com/lyrecomanagement/DefaultTenant/automationhub_/automation-profile/p2p-approval-matrix---release-strategy-automatation,Marek ROMANSKI,Marek ROMANSKI
POLAND,"Customer Service,Sales",POL - IT - mBank OCR orders,"Hi, 
We have customer mBank having some orders specifities which disqualify this flow to implement it with our current OCR solution. Due the number of orders and quality requirments we would like to implement RPA flow to ocr and import orders into SAP. 

I would like to summarize what issues we faced by trying to map mBank customer in OCR tool.

1. When we send PO and map all necessary data, the tool is not learning and for each time we have to start the mapping for the beginning by choosing each mandatory field’s:
a. ShipTo and Billto is each time missing,

b. The Aera with product codes, quantity, product description etc is not marked for each time when we send PO, map it, and send another one.
2. The order number sometimes includes a CAC number or postal code.
3. ShipTo address is on the line level and is not place in one line so if the street name will change, for example one is short and other one is very long the tool will not recognize this data correctly.
4. All PO samples and screenshots I have attached.

I propose to organize the operational meeting about this flow to explain this in details to have a base for the descision and calculation in terms of implementation date.
Thanks
Marcin","€18,750.00",600 Hours Per Year,€0.00,"Orders examples,document",Idea,Rejected,Local,10/30/2024,https://cloud.uipath.com/lyrecomanagement/DefaultTenant/automationhub_/automation-profile/pol---it---mbank-ocr-orders,Marcin STEPIEN,Marcin STEPIEN
GROUP,Finance,GRP - FIN - CM figures extraction form SAP,"AR (accounts Receivables) Ageing reporting purposes:
Consolidated monthly reporting
Daily ageing extraction for local CM teams
Allows credit manager to have easier and faster access to numbers for analysis
Faster data extraction
Potential to report results almost 10 days faster
Monitoring daily debt level
Worklist for collectors and credit analysts
","€375,000.00",12000 Hours Per Year,€0.00,document,Assessment,Not Started,Group,10/29/2024,https://cloud.uipath.com/lyrecomanagement/DefaultTenant/automationhub_/automation-profile/cm-figures-extraction-form-sap,Lev PAVLYSHYN,Lev PAVLYSHYN
CASH,IS,CASH - 34-CS-Invoice_Match_Strabag,"This process downloads and extracts specific .txt report of invoiced and delivered goods of a customer Strabag and matches the billing doc nr., delivery nr. with the respective contact. This report is then sent to CASH reception, so they can contact them via mail.",€0.00,0 Hours Per Year,€0.00,document,Live,In Production,Local,10/28/2024,https://cloud.uipath.com/lyrecomanagement/DefaultTenant/automationhub_/automation-profile/cash---34-cs-invoice-match-strabag,Eduard SEKERES,Eduard SEKERES
CASH,IS,CASH - CS - Data Control - Submission Check,This process creates within SAP a report of submitted documents and a report of disputed documents within a week's span and inputs these documents into an existing Excel report,"€2,812.50",90 Hours Per Year,€0.00,Submission Check PDF,Live,In Production,Local,10/28/2024,https://cloud.uipath.com/lyrecomanagement/DefaultTenant/automationhub_/automation-profile/cash---cs---data-control---submission-check,Eduard SEKERES,Eduard SEKERES
BENELUX,IT,BNL - MKT - MM0045 clean and upload in sharepoint,"Daily check for MM0045 file in public folder.
If found, upload the pricing date in MKT sharepoint in XLSB format.
If Pricing date < 2 days, upload it in TXT format for Data Analysts team","€3,750.00",120 Hours Per Year,€0.00,document,Live,In Production,Local,10/25/2024,https://cloud.uipath.com/lyrecomanagement/DefaultTenant/automationhub_/automation-profile/bnl---mkt---mm0045-clean-and-upload-in-sharepoint,Benoit Duchesne,Benoit Duchesne
BENELUX,IT,BNL - MKT - Pricelist Preparation,"Local workflow used to generate pricelists for internal use based on a master data source file.
Manual execution of this task was done on a monthly basis and would cost the PO almost a full working day. Given that the automation only needs a few minutes to generate this list, the frequency of this process can be increased as well.

The script will run on a weekly basis and generate new pricelists based on the most recent version of the master data source file. The workflow will transform and modify the source data based on the required filters & columns of the designated price lists.

In the current version the workflow generates the following pricelists:
- Corporate Purchase prices (SVC)
- Corporate Purchase prices (CCP)
- PPE Pricelist (SVC)
- PPE Pricelist (CCP)
- Public Pricelist (PP)

The process also comes with a linked Studio Cloud workflow that will serve the dual purpose of a scheduled trigger for this workflow as well as an archiving tool.

A weekly scheduled trigger will launch the Studio Cloud workflow (@ various times depending on the pricelist), which will in its turn launch this workflow. Once this workflow is finished and the requested lists have been generated, the Studio Cloud workflow will continue by fetching last week's generated file(s) in the designated SharePoint folder(s) and archiving it/them.
In the unlikely event of a failure the archival will not be done, in order to ensure the most recent version of the tool remains available to the commercial colleagues.","€15,000.00",480 Hours Per Year,€0.00,document,Live,In Production,Local,10/25/2024,https://cloud.uipath.com/lyrecomanagement/DefaultTenant/automationhub_/automation-profile/bnl-mkt-pricelist-preparation,Wouter Herrrygers,Wouter Herrrygers
BENELUX,IT,"BNL - CS - Delete backorder lines, key in alternative",Replace backorders (delisted or not) with an user-choosen alternative,"€6,000.00",192 Hours Per Year,€0.00,,Live,In Production,,10/25/2024,https://cloud.uipath.com/lyrecomanagement/DefaultTenant/automationhub_/automation-profile/bnl---cs---delete-backorder-lines-key-in-alternative,Benoit Duchesne,Benoit Duchesne
DENMARK,Customer Service,DEN-CS-JOHNSON_CONTROLS-PO,Automating order entry using RPA,"€2,250.00",72 Hours Per Year,€0.00,document,Live,In Production,"Local, and maybe Group",10/23/2024,https://cloud.uipath.com/lyrecomanagement/DefaultTenant/automationhub_/automation-profile/den-cs-johnson-controls-po,Ditte-Maria Skaarup RASMUSSEN,"Ditte-Maria Skaarup RASMUSSEN, Lars Christensen"
BENELUX,IT,BNL - LOG - [ATTENDED] Bpost Label creation,"Sales Tender from 8 years.  Every package must have a Bpost label on it.  800 Packages / week.
Saving if delivered on central place : 80k yearly","€30,000.00",960 Hours Per Year,€0.00,document,Live,In Production,Local,10/18/2024,https://cloud.uipath.com/lyrecomanagement/DefaultTenant/automationhub_/automation-profile/bnllogattendedbpostlabelcreation,Benoit Duchesne,Benoit Duchesne
BENELUX,IT,BNL - GEN - External Shared File WebV2,"Local script used on a daily basis. Several files are shared with external partners but this can only be done on a temporary basis. Instead of having to manually reshare the file every so often, we have created a list in which the file and designated directory can be listed. The script will iterate through this list and reshare the file automatically so that the URL remains valid.

V1 was created in UiPath Studio but had to be refactored often due to the lay out of the SharePoint page changing frequently.

 V2 is a Studio Cloud workflow which can carry out these actions irrespective of the lay-out of the page, which has simplified the process significantly.","€1,500.00",48 Hours Per Year,€0.00,document,Live,In Production,Local,10/18/2024,https://cloud.uipath.com/lyrecomanagement/DefaultTenant/automationhub_/automation-profile/bnl-gen-external-shared-file-webv2,Wouter Herrrygers,Wouter Herrrygers
BENELUX,IT,BNL - CS ISF - Communicate daily backorder list,Get data from Data Analyst team (SAP + M3 data) and create emails for sending to customers,"€9,000.00",288 Hours Per Year,€0.00,document,Live,In Production,Local,10/18/2024,https://cloud.uipath.com/lyrecomanagement/DefaultTenant/automationhub_/automation-profile/bnl---cs-isf---communicate-daily-backorder-list,Benoit Duchesne,Benoit Duchesne
BENELUX,IT,BNL - P&C - Personnels accounts creation in SAP - Personnal use,"Every Lyreco Employee can request an Personnal use account to buy from our Webshop.
P&C decided to create those accounts on a monthly basis, from an Workday Extract.",€375.00,12 Hours Per Year,€0.00,document,Live,In Production,Local,10/18/2024,https://cloud.uipath.com/lyrecomanagement/DefaultTenant/automationhub_/automation-profile/bnlpcpersonnelsaccountscreationinsappersonnaluse,Benoit Duchesne,Benoit Duchesne
BENELUX,IT,BNL - MKT - Delisted Items DB Update,Update based on a MM0045 in a Sharepoint list to be used by a MS PowerApps for delisting actions and communications,"€1,875.00",60 Hours Per Year,€0.00,document,Live,In Production,Local,10/18/2024,https://cloud.uipath.com/lyrecomanagement/DefaultTenant/automationhub_/automation-profile/bnl---mkt---delisted-items-db-update,Benoit Duchesne,Benoit Duchesne
BENELUX,IT,BNL - GEN - OneShot - Tender Data Preparation/Split,"Request from the local Products & Services team.

A large batch of data for a local tender needed to be formatted and split up in an Excel file per unique reference.
Doing this manually would require a colleague to repeate the  same 30-40 steps for hundreds of products.

Instead a oneshot script was written to automate this process.
The UiPath workflow will read the source data, iterate through the entire batch per unique reference, open the template, fill in the required fields, save the file with a unique ID and upload it to a specific SharePoint folder.

This is a oneshot request. The robot will most likely not be triggered periodically.",€0.00,0 Hours Per Year,€250.00,document,Live,In Production,Local,10/18/2024,https://cloud.uipath.com/lyrecomanagement/DefaultTenant/automationhub_/automation-profile/bnl---gen---oneshot---tender-data-preparationsplit,Wouter Herrrygers,Wouter Herrrygers
BENELUX,IT,BNL - CS - Update Webshop users - SCHOOLS Team ,Update webshop userlist for schools.  Used in MS automation (Forms / Flows / PowerApps) to update and send webshop userlists to customers during school campaign,"€1,500.00",48 Hours Per Year,€0.00,document,Live,In Production,Local,10/18/2024,https://cloud.uipath.com/lyrecomanagement/DefaultTenant/automationhub_/automation-profile/bnl---cs---update-webshop-users---schools-team-,Benoit Duchesne,Benoit Duchesne
BENELUX,IT,BNL - CS - Update route code in Orders,Change route code in orders to make them delivered by other subcontractors or RDC,"€15,000.00",480 Hours Per Year,€0.00,document,Live,In Production,Local,10/18/2024,https://cloud.uipath.com/lyrecomanagement/DefaultTenant/automationhub_/automation-profile/bnl---cs---update-route-code-in-orders,Benoit Duchesne,Benoit Duchesne
BENELUX,IT,BNL - CS - Change price date in Order,"Change the Pricing date in orders, in case the contract must be changed mid in the month",€500.00,15.99999999999999999999999999999999999999999999999999999999999999 Hours Per Year,€0.00,document,Live,In Production,Local,10/18/2024,https://cloud.uipath.com/lyrecomanagement/DefaultTenant/automationhub_/automation-profile/bnl---cs---change-price-date-in-order,Benoit Duchesne,Benoit Duchesne
BENELUX,IT,BNL - FI - SupInv Post Processing & Archiving,"Local workflow used to rename and archive PDF invoices that have been processed by the local supplier invoicing robots.
The script will run on a daily basis. The script opens the supplier invoicing work file, filters on all documents that have been processed and detects the directory in which the PDF invoices are currently saved.

The script will rename the files so that the filename contains relevant details such as the Purchase Order number, the invoice number, the supplier code and the date of processing. This ensures that the operational colleagues can easily detect and retrieve the correct invoices should they ever need to do extra checks after the encoding.","€7,500.00",240 Hours Per Year,€0.00,L RPA SUPPLIERINVOICING - Process Documentation.pdf,Live,In Production,Local,10/18/2024,https://cloud.uipath.com/lyrecomanagement/DefaultTenant/automationhub_/automation-profile/bnlfisupinvpostprocessingarchiving,Wouter Herrrygers,Wouter Herrrygers
BENELUX,IT,BNL - CS - Cancel Orderlines and key in Alternatives,"Cancel items in Customer orders, and key in an alternative if requested","€7,500.00",240 Hours Per Year,€0.00,document,Live,In Production,Local,10/18/2024,https://cloud.uipath.com/lyrecomanagement/DefaultTenant/automationhub_/automation-profile/bnl---cs---cancel-orderlines-and-key-in-alternatives,Benoit Duchesne,Benoit Duchesne
BENELUX,IT,BNL - LOG - Goods In Disputes DB,Part of the Goods In Dispute project based on MS PowerApps.  Need SAP data in Sharepoint lists to make easy key in possible,"€2,250.00",72 Hours Per Year,€0.00,document,Live,In Production,Local,10/18/2024,https://cloud.uipath.com/lyrecomanagement/DefaultTenant/automationhub_/automation-profile/bnl---log---goods-in-disputes-db,Benoit Duchesne,"Benoit Duchesne, Vincent Delhez"
BENELUX,IT,BNL - LOG - [ATTENDED] DHL Label creation,Create shipping label based on SU number from box,"€26,250.00",840 Hours Per Year,€0.00,DHL Process.jpg,Live,In Production,Local,10/18/2024,https://cloud.uipath.com/lyrecomanagement/DefaultTenant/automationhub_/automation-profile/bnl---log---dhl-label-creation,Benoit Duchesne,Benoit Duchesne
BENELUX,IT,BNL - LOG - Intrastat Import Correct Supplier PO's,"Based on MKT response, update Intrastat and Weight fields.
Other issues must be done manually (Origin of goods, Invoice Value, ...)","€9,750.00",312 Hours Per Year,€0.00,document,Live,In Production,Local,10/18/2024,https://cloud.uipath.com/lyrecomanagement/DefaultTenant/automationhub_/automation-profile/bnl---intrastat-import-correct-supplier-pos,Benoit Duchesne,Benoit Duchesne
BENELUX,IT,BNL - FI - Intrastat Import preparation,"Get all lines on Supplier PO's that have missing details.
Gather all needed info so that Marketing can fill in the missing values.",€375.00,12 Hours Per Year,€0.00,document,Live,In Production,Local,10/18/2024,https://cloud.uipath.com/lyrecomanagement/DefaultTenant/automationhub_/automation-profile/bnl---intrastat-import-preparation,Benoit Duchesne,Benoit Duchesne
FRANCE,IS,FR - MKT - Pcon planner render automation,"Pcon is a 3D modeling tool for office furniture. When a customer places a large order, we send them a 3D model of their office so that they can make their own plans. Today, when the MKT designer takes care of the rendering to deliver images to the customer, it takes a very long time, between 30 minutes and 8 hours to generate 1 image, and it takes about 10 per project. The aim is to generate everything on a single powerful machine so as to have a queue and not block users in their work.
","€63,000.00",2016 Hours Per Year,€0.00,document,Live,In Production,Local,10/17/2024,https://cloud.uipath.com/lyrecomanagement/DefaultTenant/automationhub_/automation-profile/pcon-planner-render-automation,Julien PICQUET,Julien PICQUET
POLAND,"Customer Service,Sales",POL - FIN - Payers blocking,"I make a proposal to create a bot that would automatically (according to the guidelines) block payers.
We have been regularly blocking and then unblocking a list of 19 payers every month for several years with invoicing up to 25.",€112.50,3.6 Hours Per Year,€0.00,document,Assessment,Not Started,"Local, and maybe Group",10/16/2024,https://cloud.uipath.com/lyrecomanagement/DefaultTenant/automationhub_/automation-profile/payers-blocking,Magdalena MAKUCH,"Magdalena MAKUCH, Thomas DELOS"
DENMARK,MARKETING,DEN-P&C-Upload of approved contracts,"We would like a bot, that can upload signed contracts in an archive",€750.00,24 Hours Per Year,€0.00,document,Assessment,Not Started,"Local, and maybe Group",10/14/2024,https://cloud.uipath.com/lyrecomanagement/DefaultTenant/automationhub_/automation-profile/denpcuploadofapprovedcontracts,Lars Christensen,Lars Christensen
GROUP,Finance,GRP - FIN - Local file automatisation,We are looking to automate the transfer pricing documentation that we prepare each year for all the Group's subsidiaries (around 30 documentations). We have discussed with several providers who have offered solutions around 50K annually. We would like to delegate the non-value-added part to a robot and focus on analyzing these documentations in order to improve efficiency.,"€8,906.25",285 Hours Per Year,€0.00,document,Assessment,Archived,Group,10/11/2024,https://cloud.uipath.com/lyrecomanagement/DefaultTenant/automationhub_/automation-profile/local-file-automatisation,Stephanie WROBLEWSKI,Stephanie WROBLEWSKI
FRANCE,IS,FR - FIN - E-Attestations,"This involves sending individual e-mails to each supplier generating over €5,000 in sales to obtain 3 separate attestations. 

These e-mails are reminders, and the list of suppliers is extracted from a website (e-attestations) in the form of an Excel file. Manual processing time is 5 days per month. 

Each e-mail must be specific to the missing attestation, and requires the addition of 1 or 2 Excel files.

it's Legal project :)
","€52,500.00",1680 Hours Per Year,€0.00,document,Assessment,Not Started,Local,10/04/2024,https://cloud.uipath.com/lyrecomanagement/DefaultTenant/automationhub_/automation-profile/fr---fin-e-attestations,Julien PICQUET,Julien PICQUET
FRANCE,Marketing,FR - MKT - Analysis and monitoring of anomalies between marketing tools and SAP,the aim is to be able to spot anomalies as quickly as possible in the marketing database,"€7,500.00",240 Hours Per Year,€0.00,"Ticket EASY Vista.docx,Extraction MM45.docx,Extraction Bible France.docx,Documentation fichier de contrôle .docx",Assessment,Rejected,Local,10/03/2024,https://cloud.uipath.com/lyrecomanagement/DefaultTenant/automationhub_/automation-profile/fr---mkt---analysis-and-monitoring-of-anomalies-between-marketing-tools-and-sap,Valentin GUERIN,Valentin GUERIN
DENMARK,Marketing,DK-MKT-Step 0 in SA pricing,Automatic update of tabs in Step 0 in SA pricing.,"€9,000.00",288 Hours Per Year,€0.00,document,Assessment,Not Started,Local,10/02/2024,https://cloud.uipath.com/lyrecomanagement/DefaultTenant/automationhub_/automation-profile/dk---mkt---step-0-i-sa-pricing,Danny PEDERSEN,"Danny PEDERSEN, Lars Christensen"
GROUP,IS,GRP - IS - Mass homepage upload,"Hello,

Since July 2024 Marketing France is doing marketing campains for around 30.000 customers each month.
They ask us (the webshop support team) to upload specific homepages for these customers.
The homepages can be changed several times a month (we did it 4 times in July due to product stocks etc).
This type of campain will be permanent, and done at least once a month.

At the moment, our tool Edito only permit to upload homepage one by one, it takes 2 to 5 min to upload one homepage for one customer, so it is very time consuming (or impossible) for 30k customers : 
We need to enable specific parameters in SAP in the customer acount and also upload the wanted file is Edito.

On the webshop support side we did a tempary process to facilitate the mass upload, but it bypass the habitual Edito process and is not secured as if it was done with Edito (no error feedback or file checking)
Managing these requests in mass with our process takes about 2 hours in SAP and 2 hours to upload the file in the share hecom database.

The aim of this idea is to permit key users that have acces to Edito to be autonomous to mass upload the homepages for a given list of customers.
The best solution would be to automize the manual upload of homepage for a list of customers, for SAP and Edito.
The manual process can be found in this link :
https://lyrecomanagement.atlassian.net/wiki/spaces/WEBSHOP/pages/185237767/Manual+homepage+upload+via+Edito

This could be valuable to the whole group and increase sales.

Best regards.","€375,000.00",12000 Hours Per Year,€0.00,document,Analysis,On Hold,Group,10/02/2024,https://cloud.uipath.com/lyrecomanagement/DefaultTenant/automationhub_/automation-profile/mass-homepage-upload,Cyril BAUDUIN,Cyril BAUDUIN
BENELUX,IT,BNL - FI - Intersafe Supplier Invoicing Integration,"In Benelux we have been using a combination of OCR and RPA solutions in order to automatically process the incoming invoices of a selection of suppliers for a few years. The impact of this automated process is very large as it saves the operational colleagues a significant amount of time that no longer needs to be spent on manually processing and encoding all of these invoices in our SAP ERP environment. On top of that, the solution uses an extensive exception handling in order to guarantee that its actions are always as compliant and accurate as possible.

As a part of the integration of Intersafe suppliers in our ERP environment, a request was made whether this automated invoicing solution could be set up for a selection of high volume ISF suppliers as well. The premise and needs are similar, but the set-up and specifics of these PPE suppliers can slightly vary from the current scope of the robot. (E.g.: articles that have the same VMN but are still different due to a different size of the product, etc.).

In order to be able to integrate these new suppliers in the scope of the robot, additional development will need to be done on the scripts. On the OCR front new templates will need to be made as well in order to be able to correctly detect and transform the relevant PDF invoice details of these new suppliers.

Estimate is that these suppliers encompass a yearly volume of around 80K-100K invoice lines. If a portion of this volume can be processed automatically, the impact of it will be significant as well.
","€114,000.00",3648 Hours Per Year,€0.00,document,Live,In Production,Local,10/02/2024,https://cloud.uipath.com/lyrecomanagement/DefaultTenant/automationhub_/automation-profile/bnl-fi-intersafe-supplier-invoicing-integration,Wouter Herrrygers,Wouter Herrrygers
SWEDEN,Customer Unique Specialist,SWE - CS - Open Orders,The bot checks purchase orders in Open Orders Report then emails the supplier to get more info.,"€30,000.00",960 Hours Per Year,€0.00,document,Idea,Duplicate,Local,10/01/2024,https://cloud.uipath.com/lyrecomanagement/DefaultTenant/automationhub_/automation-profile/swe---cs---open-orders,SVÄRD Peter,"SVÄRD Peter, Johan SIEDBERG"
DENMARK,Marketing,DEN-MKT-Flow for Trade Planner,"Vi arbejder i skyen i forvejen, men WISE har ikke goder erfaringer med at finde historik frem når dokumentet går i stykker.
Hvorfor skal jeg bruge backup hver 2 time:
Fordi at det er et tungt Excel dokument på en 28-30 MB hvor mange (op til 12 personer) skal arbejde i samtidig løbende. WISE har dog op til 25 personer.
Så jeg har brug for et flow hvor den tager backup hver anden time i arbejdstiden, og så sletter dem løbende hver uge eller hver anden uge, hvis man kan. Men det var det Emil ville kigge på, hvis du afsætter noget tid til ham.
Det kan også være et helt andet setup, det vigtigste er at vi har let adgang tid tidligere versioner hvis det går ned",€750.00,24 Hours Per Year,€0.00,document,Live,In Production,Local,09/30/2024,https://cloud.uipath.com/lyrecomanagement/DefaultTenant/automationhub_/automation-profile/flow-med-microsoft-power-automate---til-trade-planner,Jimmi PETERSEN,"Jimmi PETERSEN, Lars Christensen"
DENMARK,Sales,DEN-SAL-DELEVERY FEE FOR NEWBUISS,"Delevery fee for non-stock products, in this specifik case glass bottels directly from Unibrew.  ","€7,500.00",240 Hours Per Year,€0.00,document,Solution Design,In Progress,"Local, and maybe Group",09/27/2024,https://cloud.uipath.com/lyrecomanagement/DefaultTenant/automationhub_/automation-profile/den-sal-deleveryfee-for-newbuiss,Lisa Van Urk JANSEN,"Lisa Van Urk JANSEN, Lars Christensen"
FRANCE,IS,FR - SC - SSL & Penalities calculation,Management of SSL & Penalties calculation at France level. ,"€15,000.00",480 Hours Per Year,€0.00,document,Live,In Production,Group,09/25/2024,https://cloud.uipath.com/lyrecomanagement/DefaultTenant/automationhub_/automation-profile/sslpenalitiescalculation,Aline TURPIN,"Aline TURPIN, Vincent Furic, Bruno Bastin, Dimitri Degroise"
SWEDEN,Customer Unique Specialist,SWE - BA - V.10 Agreement import ,Business Analytics dept wants a bot that compiles the preliminary work of reading the v.10 file. There are many emails and large Excel files that need to be opened.,"€15,000.00",480 Hours Per Year,€0.00,document,Idea,Awaiting Review,Local,09/23/2024,https://cloud.uipath.com/lyrecomanagement/DefaultTenant/automationhub_/automation-profile/swe---ba---v-10-agreement-import-,SVÄRD Peter,"SVÄRD Peter, Johan SIEDBERG"
SWEDEN,Customer Unique Specialist,SWE - FD - Block List,"Finance dept want a bot to release customer order from the ""block list"", meaning the customer have exeeded their credit limit. ",€0.00,0 Hours Per Year,€0.00,document,Idea,Awaiting Review,Local,09/23/2024,https://cloud.uipath.com/lyrecomanagement/DefaultTenant/automationhub_/automation-profile/swe---fd---block-list,SVÄRD Peter,"SVÄRD Peter, Johan SIEDBERG"
SWEDEN,Customer Unique Specialist,SWE - FD - Setting Customer Limits (post migration Netshop),"We would like to investigate if the RPA bot can set limits on customers after the migration on December 1st in FD32.
We think that since all first purchases by customers go through Klarna (Billie), they are approved with BankID, so there is no fraud.
UC has time to make an evaluation before the next purchase comes, so we have fresh data in FD32. Only then will the customer be offered a Lyreco invoice.
We have a set of rules for customers with a rating of 3-5, which we set limits based on. For example, -30-20-10 thousand that the bot can follow.
We avoid manually handling those customers on the blacklist due to the low limit of 1500 that all customers get as a start and thus avoid setting a manual limit ourselves at the second purchase.
It is easy to set the rules as it should only happen if there is a rating from UC of 3-5 and a fresh date, i.e., within a few months.",€0.00,0 Hours Per Year,€0.00,document,Idea,Awaiting Review,Local,09/23/2024,https://cloud.uipath.com/lyrecomanagement/DefaultTenant/automationhub_/automation-profile/swe---fd---setting-customer-limits--post-migration-netshop-,SVÄRD Peter,"SVÄRD Peter, Johan SIEDBERG"
SWEDEN,Customer Unique Specialist,SWE - PM - Update search words (ZBOM) ,"Product Merchandising wants a bot to check for specific search words connected to ZBOMS.
If a vital search word is missing the will update the connected search words. ",€0.00,0 Hours Per Year,€0.00,document,Idea,Awaiting Review,Local,09/23/2024,https://cloud.uipath.com/lyrecomanagement/DefaultTenant/automationhub_/automation-profile/swe---pm---update-search-words--zbom--,SVÄRD Peter,"SVÄRD Peter, Johan SIEDBERG"
SWEDEN,Customer Unique Specialist,SWE - PM - Material visible Netshop,"Product Merchandising want a bot to find active but not visible materials in Netshop. 
Often the materials have bin removed from thier grouping and not regrouped.",€0.00,0 Hours Per Year,€0.00,document,Idea,Awaiting Review,Local,09/23/2024,https://cloud.uipath.com/lyrecomanagement/DefaultTenant/automationhub_/automation-profile/swe---pm---material-visible-netshop,SVÄRD Peter,"SVÄRD Peter, Johan SIEDBERG"
SWEDEN,Customer Unique Specialist,SWE - FD - Invoice Copy,Finance wants a bot for sending Invoice copys to customers.,"€7,500.00",240 Hours Per Year,€0.00,document,Idea,Awaiting Review,Local,09/23/2024,https://cloud.uipath.com/lyrecomanagement/DefaultTenant/automationhub_/automation-profile/swe---fd---invoice-copy,SVÄRD Peter,"SVÄRD Peter, Johan SIEDBERG"
SWEDEN,Customer Unique Specialist,SWE - PM - Search Words Oulet,"CSS dept wants a bot to update the different categories in lyrecocontract.com, specifik main category Outlet.
There are 3 sub categories in Outlet and materials change subcategory each month. Input is Excel.","€1,125.00",36 Hours Per Year,€0.00,document,Idea,Awaiting Review,Local,09/23/2024,https://cloud.uipath.com/lyrecomanagement/DefaultTenant/automationhub_/automation-profile/swe---pm---search-words-oulet,SVÄRD Peter,"SVÄRD Peter, Johan SIEDBERG"
SWEDEN,Customer Unique Specialist,SWE - PM - Campaign Prices Import Tool,"Product Merchandising wants a bot to update campaign prices in SAP, monthly and quarterly. 
",€862.50,27.6 Hours Per Year,€0.00,document,Idea,Awaiting Review,Local,09/23/2024,https://cloud.uipath.com/lyrecomanagement/DefaultTenant/automationhub_/automation-profile/swe---pm---campaign-prices-import-tool,SVÄRD Peter,"SVÄRD Peter, Johan SIEDBERG"
DENMARK,Quality,DEN-QSS-Mail to multiple suppliers,"When sending a mail to multiple suppliers, make it lookup their name and split excel files to send the mail to multiples mails at once, with correct perosnal names and excel document",€250.00,8 Hours Per Year,€0.00,document,Assessment,Not Started,"Local, and maybe Group",09/20/2024,https://cloud.uipath.com/lyrecomanagement/DefaultTenant/automationhub_/automation-profile/den-qss-mail-to-multiple-suppliers,Christoffer SLOTH,"Christoffer SLOTH, Lars Christensen"
POLAND,"Customer Service,Coffee Services",POL - CC - New Customer Onboarding process,"Request for a new web account has arrived via the web shop and has been submitted as a ticket to the Customer Care team.
The process reads the ticket, prepares the information in an app and waits for approval from the Customer Care employee. 
If the registration is rejected, the customer would receive an email notification of the failed registration. As soon as approval is granted, the account is added to SAP, the webshop login is created and the end ticket is closed with a reply to the customer.","€15,000.00",480 Hours Per Year,€0.00,document,Assessment,Not Started,"Local, and maybe Group",09/19/2024,https://cloud.uipath.com/lyrecomanagement/DefaultTenant/automationhub_/automation-profile/pol-cc-new-customer-onboarding-process,Katarzyna WISNIEWSKA,Katarzyna WISNIEWSKA
DENMARK,Quality,DEN-QSS-GWPupdate new products,Update our GWP/co2 data with new products,"€1,125.00",36 Hours Per Year,€0.00,document,Assessment,Not Started,Local,09/19/2024,https://cloud.uipath.com/lyrecomanagement/DefaultTenant/automationhub_/automation-profile/den-qss-gwpupdate-new-products,Christoffer SLOTH,"Christoffer SLOTH, Lars Christensen"
DENMARK,Quality,DEN-QSS-monthly co2 update,Collect data from websites to update electricty and solarpower data. Required data for delivery to group,€375.00,12 Hours Per Year,€0.00,Electricity Report.xlsx,Assessment,Not Started,Local,09/19/2024,https://cloud.uipath.com/lyrecomanagement/DefaultTenant/automationhub_/automation-profile/den-qss-monthly-co2-update,Christoffer SLOTH,"Christoffer SLOTH, Lars Christensen"
POLAND,Customer Service PL,POL - CC  Sending signed double delivery notes with invoices to the customers,"We want to reduce the time and errors associated with agents' manual work. We collect signed delivery notes in paper version, scan them and sent to the customer with the invoice. This manual work has an impact for customer's debts in our company. Customers don't pay an invoices without the delivery notes. They don't accept POD from the SITI. ","€30,000.00",960 Hours Per Year,€0.00,Providing signed delivery documents with invoices.docx,Assessment,Not Started,"Local, and maybe Group",09/18/2024,https://cloud.uipath.com/lyrecomanagement/DefaultTenant/automationhub_/automation-profile/pol---cc--sending-signed-duble-delivery-notes-with-invoices-to-the-customers,Justyna Kowalik,Justyna Kowalik
DENMARK,Marketing,DEN-MKT-Washroom offer calculation tool,"To better be able to track data and target offers on washwoom to different type of customers. Where all types of washroom product details are gathered, so we can easily switch between good/better/best product but also look at price pr meter of toiletpaper and know the grammage of the paper, number of ply and relate that directly to number of employees in  company - adding different service levels as well. So including prices or option to price the offer",€0.00,0 Hours Per Year,€0.00,document,Assessment,Not Started,"Local, and maybe Group",09/18/2024,https://cloud.uipath.com/lyrecomanagement/DefaultTenant/automationhub_/automation-profile/washroom-offer-calculation-tool,Eva Bech LYNGGAARD,"Eva Bech LYNGGAARD, Lars Christensen"
SWEDEN,Customer Unique Specialist,SWE - CS - Nespresso Subscription Orders,Create Nespresso subscription orders,€0.00,0 Hours Per Year,€0.00,document,Idea,Awaiting Review,Local,09/17/2024,https://cloud.uipath.com/lyrecomanagement/DefaultTenant/automationhub_/automation-profile/swe---cs---nespresso-subscription-orders,SVÄRD Peter,"SVÄRD Peter, Johan SIEDBERG"
SWEDEN,Customer Unique Specialist,SWE - CS - Email updated Order Confirmation,Notify customers with new update order confirmation when delivery dates changes.,"€15,000.00",480 Hours Per Year,€0.00,document,Idea,Awaiting Review,Local,09/17/2024,https://cloud.uipath.com/lyrecomanagement/DefaultTenant/automationhub_/automation-profile/swe---cs---email-updated-order-confirmation,SVÄRD Peter,"SVÄRD Peter, Johan SIEDBERG"
SWEDEN,Customer Unique Specialist,SWE - CS - Nespresso Spare Part Price Update,Schedule a bot to download the latest Nespresso Spare Part Price list and update the materials in SAP.  ,"€4,875.00",156 Hours Per Year,€0.00,Business Case.docx,Idea,Awaiting Review,Local,09/17/2024,https://cloud.uipath.com/lyrecomanagement/DefaultTenant/automationhub_/automation-profile/swe---cs---nespresso-spare-part-price-update,SVÄRD Peter,"SVÄRD Peter, Johan SIEDBERG"
SWEDEN,Customer Unique Specialist,SWE - CS - 48h Email Reminder to close Saleforce case,"Email a reminder to respond to our previous email or else the Saleforce case will be closed. 
Also close the case if 48h has passed.","€15,000.00",480 Hours Per Year,€0.00,document,Idea,Awaiting Review,Local,09/17/2024,https://cloud.uipath.com/lyrecomanagement/DefaultTenant/automationhub_/automation-profile/swe---cs---48h-email-reminder-to-close-saleforce-case,SVÄRD Peter,"SVÄRD Peter, Johan SIEDBERG"
SWEDEN,Customer Unique Specialist,SWE - CS - Customer Initiated Return,"To automate the whole process of customer initiated returns.
Fetching all the active cases in Saleforce
The actual SAP order
Sending parcel documentation to the customer","€41,250.00",1320 Hours Per Year,€0.00,document,Qualification,Approved,Local,09/17/2024,https://cloud.uipath.com/lyrecomanagement/DefaultTenant/automationhub_/automation-profile/swe---cs---customer-initiated-return,SVÄRD Peter,"SVÄRD Peter, Johan SIEDBERG"
SWEDEN,Customer Unique Specialist,SWE - CS - OCR Read Manual Order,Use OCR to read purchase order in PDF format from customers. Huge time saver.,"€45,000.00",1440 Hours Per Year,€0.00,document,Live,In Production,Local,09/17/2024,https://cloud.uipath.com/lyrecomanagement/DefaultTenant/automationhub_/automation-profile/swe---cs---ocr-read-manual-order,SVÄRD Peter,"SVÄRD Peter, Johan SIEDBERG"
DENMARK,MARKETING,DEN-SAL-Pricelists,It would be great with international pricelists for common customers across Lyreco SUBS,"€7,500.00",240 Hours Per Year,€0.00,document,Assessment,Not Started,"Local, and maybe Group",09/16/2024,https://cloud.uipath.com/lyrecomanagement/DefaultTenant/automationhub_/automation-profile/den-sal-pricelists,Lars Christensen,"Lars Christensen, Ghita GRAND"
DENMARK,MARKETING,DEN-SAL-Customer reports,"We would like help with creating customer reports.
Customers like ISS and Novo requires monthly reports.","€1,500.00",48 Hours Per Year,€0.00,document,Assessment,Not Started,Local,09/16/2024,https://cloud.uipath.com/lyrecomanagement/DefaultTenant/automationhub_/automation-profile/den-sal-customer-reports,Lars Christensen,"Lars Christensen, Ghita GRAND"
DENMARK,MARKETING,DEN-SAL-Customer rebate,"We would like a BOT that can help fill in FAC19 files for International customers.
Also help for approver workflow and FAC20 files.
Data is comming from Power BI  ","€1,250.00",40 Hours Per Year,€0.00,document,Assessment,Not Started,"Local, and maybe Group",09/16/2024,https://cloud.uipath.com/lyrecomanagement/DefaultTenant/automationhub_/automation-profile/den-sal-customer-rebate,Lars Christensen,"Lars Christensen, Ghita GRAND"
DENMARK,"Sales,Marketing",DEN-SAL-Save mail/file project,"Possibility to create a mail with values from an Excel file, og save the excel file as value on one drive.","€7,500.00",240 Hours Per Year,€0.00,"document,document",Assessment,Not Started,Local,09/16/2024,https://cloud.uipath.com/lyrecomanagement/DefaultTenant/automationhub_/automation-profile/den-sal-save-mailfile-project,Gert Green JAKOBSEN,"Gert Green JAKOBSEN, Lars Christensen"
DENMARK,"Customer Service,Coffee Services",DEN-CS-SCANDLINES-ORDER,"Can you please help med to create an automatic flow on Scandlines orders?

Thank you on advance","€7,500.00",240 Hours Per Year,€0.00,"scandlies flow.pdf,document",Live,In Production,Local,09/13/2024,https://cloud.uipath.com/lyrecomanagement/DefaultTenant/automationhub_/automation-profile/den-cs-scandlines-order,Helen TIMRELL,"Helen TIMRELL, Lars Christensen, Louise MOEBIUS"
DENMARK,"Customer Service,Coffee Services",DEN-CS-APPLUS-ORDER,"Can you please help med to make an automatic flow on Applus orders?

Thank you in advance","€7,500.00",240 Hours Per Year,€0.00,document,Live,In Production,Local,09/13/2024,https://cloud.uipath.com/lyrecomanagement/DefaultTenant/automationhub_/automation-profile/den-cs-applus-order,Helen TIMRELL,"Helen TIMRELL, Lars Christensen, Louise MOEBIUS"
DENMARK,"Customer Service,Coffee Services",DEN-CS-DSB-ORDER,"Can you please help me to make an automatic flow on DSB orders?

Thank you in advance","€7,500.00",240 Hours Per Year,€0.00,document,Live,In Production,Local,09/13/2024,https://cloud.uipath.com/lyrecomanagement/DefaultTenant/automationhub_/automation-profile/den-cs-dsb-order,Helen TIMRELL,"Helen TIMRELL, Lars Christensen, Louise MOEBIUS"
DENMARK,"Customer Service,Coffee Services",DEN-CS-AHLSELL-ORDER,"Can you please help me to make an automatic flow on Ahlsell orders?
Thank you in advance","€7,500.00",240 Hours Per Year,€0.00,document,Live,In Production,Local,09/13/2024,https://cloud.uipath.com/lyrecomanagement/DefaultTenant/automationhub_/automation-profile/den-cs-ahlsell-order,Helen TIMRELL,"Helen TIMRELL, Lars Christensen, Louise MOEBIUS"
DENMARK,"Customer Service,Coffee Services",DEN-CS-NYKREDIT-ORDER,Can you please create an automatic flow on Nykredit orders. Thank you in advane,"€7,500.00",240 Hours Per Year,€0.00,document,Live,In Production,Local,09/13/2024,https://cloud.uipath.com/lyrecomanagement/DefaultTenant/automationhub_/automation-profile/den-cs-nykredit-order,Helen TIMRELL,"Helen TIMRELL, Lars Christensen, Louise MOEBIUS"
DENMARK,Sales,DEN-SAL-VBA programing for masterfile,Please create program for masterfile ,"€1,500.00",48 Hours Per Year,€0.00,"Vejledning Masterfile.xlsx,Masterfile MOTOR non binær.xlsx",Assessment,Not Started,Local,09/12/2024,https://cloud.uipath.com/lyrecomanagement/DefaultTenant/automationhub_/automation-profile/den-sal-vba-programing-for-masterfile,Emil Thrane DAGELYKKE,"Mick FROESLEV, Lars Christensen, Emil Thrane DAGELYKKE"
SWEDEN,Customer Unique Specialist,SWE - FD - Internal CR-DR Settlement,"1. Runs a Query in SAP to recieve yesterdays internal settlements and adds them to a queue in Orchestrator.
2. Executes the invoice settlements in SAP, transaction F-30 and emails a Excel report to ARsweden@lyreco.com","€3,750.00",120 Hours Per Year,€0.00,document,Live,In Production,Local,09/09/2024,https://cloud.uipath.com/lyrecomanagement/DefaultTenant/automationhub_/automation-profile/swe---fd---internal-cr-dr-settlement,SVÄRD Peter,"SVÄRD Peter, Johan SIEDBERG"
SWEDEN,Customer Unique Specialist,SWE - CS - Intershop to Netshop,"This process is currently runned Attended atm. Here, we create logins for Intershop by reading data from an Excel file. The relevant internal personnel then receive a report in Excel format that details which accounts have been created and which accounts need to be created manually.","€6,562.50",210 Hours Per Year,€0.00,document,Live,Decommissioned,"Local, and maybe Group",08/28/2024,https://cloud.uipath.com/lyrecomanagement/DefaultTenant/automationhub_/automation-profile/swe---cs---intershop-to-netshop,SVÄRD Peter,"SVÄRD Peter, Johan SIEDBERG"
SWEDEN,Customer Unique Specialist,SWE - FD - Dunning Fee,"To identify and book all dunning fees by searching through ""FEBAN"" in SAP and locating all payments that have a discrepancy of 60 SEK too much.","€2,250.00",72 Hours Per Year,€0.00,document,Live,In Production,"Local, and maybe Group",08/28/2024,https://cloud.uipath.com/lyrecomanagement/DefaultTenant/automationhub_/automation-profile/swe---fd---dunning-fee,SVÄRD Peter,"SVÄRD Peter, Johan SIEDBERG"
BENELUX,IT,BNL -  MKT - Ad-hoc & Scheduled MM0045 Report Generation,"The local Products & Services team frequently uses MM0045 reports for various product management purposes such as pricing, finding alternatives, etc. as well as for general product searches. Requesting this report is done in SAP transaction ZM011031, which is locked to a few users. These people frequently get asked to request new reports.

Given that this process needs to be repeated for multiple sales organisations in BNL and that it always entails the same actions, the procedure has been automated for a few years.
The previously existing version used a combination of scheduled Microsoft Power Automate Cloud flows, as well as an ad hoc procedure using a Microsoft Power App linked to a Power Automate Cloud flow, which would in turn trigger a Power Automate Desktop flow.
This process has been decommissioned and replaced by this UiPath solution.

The Uipath solution consists of two separate workflows: a dispatcher and a performer.
The dispatcher can be triggered by two separate entry points, a scheduled 'time' trigger which will request a new MM0045 report for each BNL sales organisation every Monday and Wednesday morning, as well as an ad-hoc API trigger which can be launched by any of the local Products & Services team members, by filling in a PowerApp that will send the request to the UiPath workflow once submitted.

The performer will get triggered once at least 1 new report has been added to the corresponding Orchestrator queue. Once triggered, the performer will open SAP and encode the MM0045 request using the Marketing IBOT user provided by Lyreco Group.","€7,500.00",240 Hours Per Year,€0.00,document,Live,In Production,Local,08/23/2024,https://cloud.uipath.com/lyrecomanagement/DefaultTenant/automationhub_/automation-profile/bnlmktadhocscheduledmm0045reportgeneration,Wouter Herrrygers,"Wouter Herrrygers, Jorien PEETERS"
DENMARK,Finance,DEN-FIN-Incoming invoices (creditors) - RE bilag,Posting of invoices RE (goods suppliers),"€45,000.00",1440 Hours Per Year,€0.00,document,Live,In Production,"Local, and maybe Group",08/22/2024,https://cloud.uipath.com/lyrecomanagement/DefaultTenant/automationhub_/automation-profile/den-fin-incoming-invoices--creditors----re-bilag,Eva NEUHAUSEN,"Eva NEUHAUSEN, Lars Christensen, Randi Stendal ANDERSEN"
DENMARK,Finance,DEN-FIN-FSC - Control on invoice,"ESG Task, manually control of many invoices.","€3,750.00",120 Hours Per Year,€0.00,document,Assessment,Not Started,Local,08/22/2024,https://cloud.uipath.com/lyrecomanagement/DefaultTenant/automationhub_/automation-profile/fsc---control-on-invoice,Eva NEUHAUSEN,"Eva NEUHAUSEN, Lars Christensen"
DENMARK,Marketing,DEN-MKT-Transfer file til Google Cloud Storage,Transfer files from internal destinations to specific cloud destinations.,"€2,250.00",72 Hours Per Year,€0.00,document,Live,In Production,"Local, and maybe Group",08/21/2024,https://cloud.uipath.com/lyrecomanagement/DefaultTenant/automationhub_/automation-profile/transfer-file-til-goggle-cloud-storage,Dennis Roemer JENSEN,"Dennis Roemer JENSEN, Lars Christensen, Kim Jagd FREDERIKSEN"
ITALY,IT,IT Edito - save&publish codes,"Every quarter, a designated person must enter Edito to save and publish between 700 and 1300 product codes. These are very repetitive actions with little (or no) added value. The robot will do it automatically.","€1,250.00",40 Hours Per Year,€0.00,document,Live,Ready for Production,"Local, and maybe Group",08/21/2024,https://cloud.uipath.com/lyrecomanagement/DefaultTenant/automationhub_/automation-profile/iteditosavepublishcodes,Carlo Milia,Carlo Milia
CASH,IS,CASH  - Sales Support - Evening report for Sales,"Generate a daily SAP Evening report of all Sales for the current day, and distribute it to Sharepoint location","€3,750.00",120 Hours Per Year,€0.00,document,Live,In Production,Local,08/14/2024,https://cloud.uipath.com/lyrecomanagement/DefaultTenant/automationhub_/automation-profile/cash----sales-support---evening-report-for-sales,Eduard SEKERES,Eduard SEKERES
GROUP,Finance,GRP-LEGAL-NDA TEMPLATE,"The NDA is used by all types of employees within the company to protect confidential information (IT, Finance, Marketing, Sales, etc.). It is a basic and not very complex document that can be signed without the intervention or validation of a lawyer, provided that the person is well-trained on the subject beforehand. The idea is to empower all employees to prepare and sign the NDAs they need to sign on their own. This request involves automating the generation of NDAs through the implementation of a form in which individuals needing to generate an NDA would only need to select certain criteria, and this would automatically generate the correct template for them.","€5,625.00",180 Hours Per Year,€0.00,document,Development,In Progress,Group,08/08/2024,https://cloud.uipath.com/lyrecomanagement/DefaultTenant/automationhub_/automation-profile/grp-legal-nda-template,Anthony PROCOT,"Anthony PROCOT, Quentin Chastin"
CASH,IS,CASH - FIN - ReFIS - Supplier Mail comparison,"This process takes emails stored in ReFIS system and emails in our mailboxes and searches the missing emails, not included in ReFIS.","€3,750.00",120 Hours Per Year,€0.00,document,Development,Cancelled,Local,07/26/2024,https://cloud.uipath.com/lyrecomanagement/DefaultTenant/automationhub_/automation-profile/cash---fin---refis---supplier-mail-comparison,Eduard SEKERES,Eduard SEKERES
CASH,IS,CASH - MKT - Staffino Sales Evaluation,"This process aggregates the customer data from our database based on the date when they last made an order.
Creates a table, transforms it into json and uploads this data via API to Staffino.","€3,750.00",120 Hours Per Year,€0.00,document,Live,In Production,Local,07/26/2024,https://cloud.uipath.com/lyrecomanagement/DefaultTenant/automationhub_/automation-profile/cash---mkt---staffino-sales-evaluation,Eduard SEKERES,Eduard SEKERES
CASH,IS,CASH - MKT - SAP Products Status change,"This process is designed to deactivate list of products (based on material nr.) in SAP.
Process is triggered when needed via UiApp",€937.50,30 Hours Per Year,€0.00,document,Live,In Production,Local,07/26/2024,https://cloud.uipath.com/lyrecomanagement/DefaultTenant/automationhub_/automation-profile/cash---mkt---sap-products-status-change,Eduard SEKERES,Eduard SEKERES
CASH,IS,CASH - Sales Support - MM0045 report,"This automation consists of two processes:
1. Put a daily request for report generation for 8 reports into SAP, which is subsequently saved into shared folder
2. In the afternoon a second process unzips and distributes the generated reports into several Sharepoint locations","€3,750.00",120 Hours Per Year,€0.00,document,Live,In Production,Local,07/26/2024,https://cloud.uipath.com/lyrecomanagement/DefaultTenant/automationhub_/automation-profile/cash---sales-support---mm0045-report,Eduard SEKERES,Eduard SEKERES
CASH,IS,CASH - EDI - monthly report of failed and rejected orders,"Once a month, this process downloads and EDI rejection report from SAP, transforms data into human readable table and save it on sharepoint.",€112.50,3.6 Hours Per Year,€0.00,document,Live,In Production,Local,07/26/2024,https://cloud.uipath.com/lyrecomanagement/DefaultTenant/automationhub_/automation-profile/cash---edi---monthly-report-of-failed-and-rejected-orders,Eduard SEKERES,Eduard SEKERES
CASH,IS,CASH - FIN - ReFIS integration,"ReFIS is an external system in which Lyreco CASH can see and approve all invoices from subcontractors.
This automation consists of 5 processes:
- 23_REFIS_VENDORS: Download of list of Vendors from SAP - daily
- 23-REFIS_API_Vendor_DL: Download of list of Vendors from ReFIS - daily
- 23-REFIS_Vendor_Upload: compares the previous two reports and uploads the missing vendors into ReFIS
- 23-REFIS_BKPF: daily download of the ""BKPF"" report, which contains unpaid invoice info
- 23-REFIS_EXT_Upload: Upload of external accounting numbers to outstanding documents in ReFIS
","€15,000.00",480 Hours Per Year,€0.00,document,Live,In Production,"Local, and maybe Group",07/26/2024,https://cloud.uipath.com/lyrecomanagement/DefaultTenant/automationhub_/automation-profile/cash---fin---refis-integration,Eduard SEKERES,Eduard SEKERES
CASH,IS,CASH - MKT - SITI to Staffino,"This process downloads a daily report of customers orders and information from SITI. Transforms the data and sends them to Staffino. Staffino is a market research and satisfaction platform, which will subsequently send emails to customer with satisfaction surveys.
Integration: Czechia and Slovakia.","€11,250.00",360 Hours Per Year,€0.00,document,Live,In Production,Local,07/26/2024,https://cloud.uipath.com/lyrecomanagement/DefaultTenant/automationhub_/automation-profile/cash---mkt---siti-to-staffino,Eduard SEKERES,Eduard SEKERES
CASH,IS,CASH - Restock SAP Report Download and Data Manipulation,"This report downloads information about pallets and warehouse space/storage from SAP, transforms this data and sends the report via mail to the warehouse managers.","€7,500.00",240 Hours Per Year,€0.00,document,Live,In Production,Local,07/26/2024,https://cloud.uipath.com/lyrecomanagement/DefaultTenant/automationhub_/automation-profile/cash---restock-sap-report-download-and-data-manipulation,Eduard SEKERES,Eduard SEKERES
CASH,IS,CASH - Mass Upload for Manual Product Parameter Update in SAP,"This automation takes the filled Excel Sheet from Sharepoint and inputs this data into SAP.
The transaction ""md04"" changes the product availibility based on material number.
This flow is triggered ad hoc via UiApp.",€937.50,30 Hours Per Year,€0.00,document,Live,In Production,Local,07/26/2024,https://cloud.uipath.com/lyrecomanagement/DefaultTenant/automationhub_/automation-profile/cash---mass-upload-for-manual-product-parameter-update-in-sap,Eduard SEKERES,Eduard SEKERES
CASH,IS,CASH - HR - Export from Time Tracking Tool and Import to Workday,"This automation exports data from local provider that tracks time and attendance (via RFID chips).
The attendance data is exported from database, data is transformed and imported into Workday.
","€3,750.00",120 Hours Per Year,€0.00,document,Live,In Production,Local,07/26/2024,https://cloud.uipath.com/lyrecomanagement/DefaultTenant/automationhub_/automation-profile/cash---hr---export-from-time-tracking-tool-and-import-to-workday,Eduard SEKERES,Eduard SEKERES
CASH,IS,CASH - MKT - Automated MM0045 Report Generation,"This automation consists of 2 processes:
1. Submit a daily bulk request for generating reports of MM0045 for Marketing. Reports are saved into a common folder in designated times.
2. A Process that takes the generated files, unzip them and distribute them into Sharepoint folders
These files/reports are subsequently used in the so-called Marketing Bible.","€3,750.00",120 Hours Per Year,€0.00,document,Live,In Production,Local,07/26/2024,https://cloud.uipath.com/lyrecomanagement/DefaultTenant/automationhub_/automation-profile/cash---mkt---automated-mm0045-report-generation,Eduard SEKERES,Eduard SEKERES
CASH,IS,CASH - FIN - CFAC File: Daily Data Update,"CFAC File contains a list of invoices from subcontractors, used by finance, sales and marketing dept.
This automation downloads three separate files/folders to the project folder (the ""CFAC"" file, one report from SAP via VBScript, and a daily report folder (ZL59)). 
Afterwards it Refreshes the data in Excel sheets using Powerquery and append the results into CFAC file.
In the end the CFAC file from yesterday is overwrtieen with the new one on Sharepoint/OneDrive","€3,750.00",120 Hours Per Year,€0.00,document,Development,On Hold,Local,07/26/2024,https://cloud.uipath.com/lyrecomanagement/DefaultTenant/automationhub_/automation-profile/cash---fin---cfac-file-daily-data-update,Eduard SEKERES,Eduard SEKERES
FRANCE,IS,FR - QSS - TrackDechets,"This is a project to automate the legal trackdechet declaration for a waste take-back from a customer. (service we offer) 

If this declaration is not made, we can be fined.","€150,000.00",4800 Hours Per Year,€0.00,trackdechet,Live,In Production,Local,07/19/2024,https://cloud.uipath.com/lyrecomanagement/DefaultTenant/automationhub_/automation-profile/fr---qss-trackdechets,Julien PICQUET,Julien PICQUET
GROUP,"Marketing,Printing Services",GRP - MKT - Content upload STEP ,"In PPE we face a lot of references for the same product, looking at sizes, colors and customer personalisations. At the moment STEP does not allow us to upload only 1 picture for by example 50 references. 
At the moment we need to copy paste and rename the picture manually and afterwards upload them all manually in STEP. This takes a lot of time. 

This is applicable on : pictures, documents, technical attributes ","€16,875.00",540 Hours Per Year,€0.00,document,Testing,In Progress,Group,07/12/2024,https://cloud.uipath.com/lyrecomanagement/DefaultTenant/automationhub_/automation-profile/content-upload-step-,Gwen BROSENS,Gwen BROSENS
BENELUX,IT,BNL - FI Controlling - Payment Split,"Request from the local controller, Finance Department.

The local controlling team wants to periodically prepare bonus calculation files for the commercial colleagues & business line heads. This data is stored in a master data Excel file, but the sheer size of this file (1000+ columns) makes data manipulation of its details extremely time-consuming and tedious.

Doing this manually costs the local colleagues multiple hours per iteration, which is the reason why the frequency of this periodical exercise was kept relatively low. The goal is to increase this frequency, but in order to be able to do this the request was made to automate the data manipulation of this source file.

The UiPath workflow will open the master data file and convert it to a .CSV to increase the speed at which the file details can be read and stored in a virtual data table. Once stored in a virtual data table, the details will be filtered on each unique cost centre and country. The data is split in a separate file per CC/Country combination (using a pre-made template) and uploaded to a specific SharePoint folder.
The workflow concludes by sharing the runtime results with the process owners.

The process will get triggered on an ad-hoc basis by the process owners using a UiPath Application that is linked to the workflow.","€4,687.50",150 Hours Per Year,€0.00,document,Live,In Production,Local,07/12/2024,https://cloud.uipath.com/lyrecomanagement/DefaultTenant/automationhub_/automation-profile/bnl---fi-controlling---payment-split,Wouter Herrrygers,Wouter Herrrygers
NORWAY,IS,NO - CS - PDF TST to Order,"We still get a fair amont of orders manually thru fixed formatted emails, text documents, or pdf forms. And would love for them to be interpreted into a readable file we can upload to our sftp and from there import thru our edi engine.

Is there already a process to read (emails with) pdf or fomatted text and convert it into a readable order file (xml or other fixed format) that we can tap into, or we need to build form scratch?
",,,,"Samples of messages with pdf orders ,TXT_Orders.zip",Idea,Archived,Group,07/10/2024,https://cloud.uipath.com/lyrecomanagement/DefaultTenant/automationhub_/automation-profile/pdf-tst-to-order,Paul Dennis Solberg,Paul Dennis Solberg
CASH,IS, CASH - MKT - 29-NOX_TO_STAFFINO,"This automation downloads delivery reports from daily emails from NOX (Delivery company in Austria), transforms the data and upload the reports Staffino (marketing analysis and engagement tool) via FTP","€7,500.00",240 Hours Per Year,€0.00,document,Live,In Production,Local,06/28/2024,https://cloud.uipath.com/lyrecomanagement/DefaultTenant/automationhub_/automation-profile/29-nox-to-staffino,Eduard SEKERES,Eduard SEKERES
FINLAND,Sales,FIN - MKT - Substituted products,"Exports data from the SAP transaction ZV015027 daily. This data is used in a local PBI report that shows which products will be replaced with new products. This is crucial information for the sales reps.
","€1,500.00",48 Hours Per Year,€0.00,document,Live,In Production,"Local, and maybe Group",06/25/2024,https://cloud.uipath.com/lyrecomanagement/DefaultTenant/automationhub_/automation-profile/substituted-products,Minna Lonka,Minna Lonka
DENMARK,"Customer Service,Coffee Services",DEN-CS-VELUX order,"We would like to setup Velux for orderintegration, we are using to many manual resources on this.","€15,000.00",480 Hours Per Year,€0.00,Artikel Velux,Live,In Production,Local,06/19/2024,https://cloud.uipath.com/lyrecomanagement/DefaultTenant/automationhub_/automation-profile/den-cs-velux-ordre,Helen TIMRELL,"Helen TIMRELL, Lars Christensen"
DENMARK,MARKETING,DEN-CS-NBS Specialist to all Zenius coffee machines,"We would like a BOT that can attach Service Manager Finn Nørregaard to all Zenius coffee machines, when they are created in SAP.",€937.50,30 Hours Per Year,€0.00,document,Live,In Production,Local,06/17/2024,https://cloud.uipath.com/lyrecomanagement/DefaultTenant/automationhub_/automation-profile/den-cs-nbs-specialist-to-all-zenius-coffee-machines,Lars Christensen,"Lars Christensen, Emil Thrane DAGELYKKE, Kim Jagd FREDERIKSEN"
GROUP,IS,POL - CS - Order reject in RIO - Management of EDI orders reject,"The robot is intended for the Customer Service team
It allows to process certain type of rejection in transaction ZV011116
Rejection type :
Seasonal Product
Deleted Product
Delisted Product
The product is no longer available","€21,375.00",684 Hours Per Year,€0.00,,Live,Hypercare,,06/13/2024,https://cloud.uipath.com/lyrecomanagement/DefaultTenant/automationhub_/automation-profile/pol---cs---order-reject-in-rio---management-of-edi-orders-reject,Aline TURPIN,"Aline TURPIN, Magdalena MAKUCH, Quentin Chastin"
FRANCE,Marketing,FR - MKT - Commercial cooperation contract,"Generate, send and invoice Promotional Contracts to suppliers.

The need is to be able to automate the sending of commercial cooperation contracts to suppliers who participate in promotions. These contracts are currently created and sent manually by product assistants, based on data entered in the Media Plan tool. The manual process is tedious, repeptitive and error-prone. Automation would save time, secure exchanges with suppliers and accounting and facilitate contract monitoring","€36,000.00",1152 Hours Per Year,€0.00,RPA contrat promo.docx,Live,In Production,"Local, and maybe Group",06/12/2024,https://cloud.uipath.com/lyrecomanagement/DefaultTenant/automationhub_/automation-profile/commercial-cooperation-contract,Capucine MIROUX,"Capucine MIROUX, Thomas DELOS, Bruno Bastin"
WISE,WYZE,WISE - CC - GF/OO Zendesk,"Objective:   Meeting to   establish whether it is possible to automate the reporting for tickets solved  as ‘General Feedback’ and tickets solved as ‘Other/Other’. This automation  will allow the project investigation to become BAU and monitored regularly by   eam Leaders and Managers to address coaching and support where required.
The  information is taken from Zendesk Explore and includes a sampling drill-down of the worst performing advisors (ones with most tickets qualified as General  Feedback or Other/Other).
Frequency   and detail to be discussed based on what is practically viable. Presently,  the information is shared with Team Leaders and Managers monthly using the data pulled from three separate reports and manually compiled by LL.

Reason   for Automation:  This is a very time-consuming action when the project is now in the   monitoring phase. Finding a way to export and compile this data automatically   will reduce time taken and free up time for more pressing objectives.
",€0.00,0 Hours Per Year,€0.00,document,Assessment,Archived,Local,06/06/2024,https://cloud.uipath.com/lyrecomanagement/DefaultTenant/automationhub_/automation-profile/wise---cc---gfoo-zendesk,John Davies,John Davies
DENMARK,"Customer Service,Coffee Services",DEN-CS-BAADER ORDRE,Automatisere ordre til Baader,"€7,500.00",240 Hours Per Year,€0.00,document,Live,In Production,Local,05/28/2024,https://cloud.uipath.com/lyrecomanagement/DefaultTenant/automationhub_/automation-profile/den-cs-baader-ordre,Helen TIMRELL,"Helen TIMRELL, Lars Christensen, Kim Jagd FREDERIKSEN"
BENELUX,IT,BNL - CX Data Insights - Vistex Deal Usage,"Request from the local Digital Marketing manager, Customer Experience Department.

The local Data Insights team wants to gather deal usage statistics for all the active promotions on the web shop on a monthly basis. This data is available in SAP, in the 'Vistex Deal Workbench' transaction (IRM/GSDLM).

A downside to the 'as is' situation is that there is no option to export the statistics of a range of deals simultaneously, nor an option to queue this type of export in a background/spool process. The data in question is also not available in the Halo database at the time of writing, so the only remaining option available would be to select every separate deal and export the deal usage statistics, if any are available.

Doing this manually would cost the local colleagues well over a full day, given the volume of active deals. 
As a result, and given the incredibly repetitive nature of the task at hand, a request was made to automate this process.

The UiPath workflow will open the 'Vistex Deal Workbench' transaction and fetch all the deals that are currently active. For each deal that is currently active the workflow will attempt to fetch the deal usage statistics and subsequently export them, if any are available. 
The exported files per active deal will be uploaded to a SharePoint location and shared with the process owners.

The script will be triggered on monthly basis.","€7,500.00",240 Hours Per Year,€0.00,document,Live,In Production,Local,05/24/2024,https://cloud.uipath.com/lyrecomanagement/DefaultTenant/automationhub_/automation-profile/bnl---cx-data-insights---vistex-deal-usage,Wouter Herrrygers,Wouter Herrrygers
DENMARK,MARKETING,DEN-CS-Danske bank Basware,"Vi skal have en løsning, hvor vi henter indkøbsordrer fra danske bank med RPA og sender dem ind i SAP som XML-filer.","€2,250.00",72 Hours Per Year,€0.00,"Step by step,PO1395964",Live,In Production,Local,05/21/2024,https://cloud.uipath.com/lyrecomanagement/DefaultTenant/automationhub_/automation-profile/den-cc-danske-bank-basware,Lars Christensen,"Lars Christensen, Helen TIMRELL, Kim Jagd FREDERIKSEN"
FRANCE,Marketing,FR - MKT - Completion of Edito for webshop visibility,Makes promotional deals visible in the webshop for our customers.,"€12,000.00",384 Hours Per Year,€0.00,RPA EDITO,Live,In Production,"Local, and maybe Group",05/13/2024,https://cloud.uipath.com/lyrecomanagement/DefaultTenant/automationhub_/automation-profile/completion-of-edito-for-webshop-visibility,Magali BOUCHEZ OLIVE,Magali BOUCHEZ OLIVE
DENMARK,Marketing,DEN - MKT - Pull data from SAP regarding perishable goods,The purpose is to get an extract from SAP containg information about perishable goods and place that extract in a specific folder.,"€3,750.00",120 Hours Per Year,€0.00,Task Capture for process,Live,In Production,"Local, and maybe Group",05/07/2024,https://cloud.uipath.com/lyrecomanagement/DefaultTenant/automationhub_/automation-profile/pull-data-from-sap-regarding-perishable-goods,Dennis Roemer JENSEN,"Dennis Roemer JENSEN, Lars Christensen, Kim Jagd FREDERIKSEN"
DENMARK,Customer Service,DEN-CS-Credit note and invoice,Tool for crediting and invoicing customers. See documentation for further information.,"€15,000.00",480 Hours Per Year,€0.00,"Kreditnota (ZANN) til udligning af faktura.docx,Omfakturering med prisændring.docx,ZFFI - Finansiel Faktura.docx,document",Live,In Production,"Local, and maybe Group",05/01/2024,https://cloud.uipath.com/lyrecomanagement/DefaultTenant/automationhub_/automation-profile/den-cs-credit-note-and-invoice,Anne Kirstine GROENNE,"Anne Kirstine GROENNE, Lars Christensen, Kim Jagd FREDERIKSEN, Emil Thrane DAGELYKKE"
GROUP,GIS Innovation,GRP - MKT - Quarterly ethical report,"This report sent to Nicolas Capon is to know the list of own brand products which are sold on market places. Because they are not allowed.
Currently, it is a manual check on each market places and it takes 1.5mandays per quarter. Ola, in charge of that, is searching “Lyreco” on each market places and lists the products sold","€7,000.00",224 Hours Per Year,€0.00,document,Assessment,Rejected,Group,04/26/2024,https://cloud.uipath.com/lyrecomanagement/DefaultTenant/automationhub_/automation-profile/grp---mkt---quarterly-ethical-report,Bruno Bastin,"Bruno Bastin, Aline TURPIN"
GROUP,GIS Innovation,GRP - MKT - AI for CPMS matching,"The objective is to make sure that we ""match"" the right product - and that the price is comparable (e.g. in case we're selling an item with a pack size that is different from the one of our competitor)
There's a ""basic"" algorythm that is behind CPMS that is already taking care of the matching in case all parameters are the same between us and the competitors
Nevertheless, we need to have people checking the data we receive from Competera vs our own data. So, most of the time, this data review needs to be manual","€131,250.00",4200 Hours Per Year,€0.00,document,Assessment,Archived,Group,04/26/2024,https://cloud.uipath.com/lyrecomanagement/DefaultTenant/automationhub_/automation-profile/grp---mkt---ai-for-cpms-matching,Bruno Bastin,"Bruno Bastin, Aline TURPIN"
BENELUX,IT,BNL - MKT - Oneshot - Safety Data Sheet Mass Rename & Copy,"Request from the local project manager, Marketing Department (Products & Services).

A few thousand safety data sheets have been created using a specific date format in the suffix of the filename, 'yyyyMMdd'. However, in order for the files to be compliant with their STEP platform the files need to use the date format 'yyyy-MM-dd'. 
A request was made to automatically rename these +-2.5K files and copy them to a different SharePoint folder.

The UiPath workflow will read the filename, convert the date suffix to the correct formatting and copy the converted filename to a specific SharePoint folder.

This is a oneshot request. The robot will most likely not be triggered periodically.",€0.00,0 Hours Per Year,€250.00,document,Live,In Production,Local,04/26/2024,https://cloud.uipath.com/lyrecomanagement/DefaultTenant/automationhub_/automation-profile/bnlmktoneshotsafetydatasheetmassrenamecopy,Wouter Herrrygers,"Wouter Herrrygers, Jorien PEETERS"
GROUP,Customer Service,IBE - CS - Order reject in RIO - Management of EDI orders rejection in SAP,"The robot is intended for the Customer Service team
It allows to process certain type of rejection in transaction ZV011116
Rejection type :
Seasonal Product
Deleted Product
Delisted Product
The product is no longer available","€12,000.00",384 Hours Per Year,€0.00,,Live,In Production,,04/26/2024,https://cloud.uipath.com/lyrecomanagement/DefaultTenant/automationhub_/automation-profile/ibe---cs---order-reject-in-rio---management-of-edi-orders-rejection-in-sap,Eduardo BAYON MORENO,"Eduardo BAYON MORENO, Quentin Chastin, Aline TURPIN"
GROUP,EMPTY,CASH - CS - Order reject in RIO - Management of EDI orders rejection in SAP,"The robot is intended for the Customer Service team
It allows to process certain type of rejection in transaction ZV011116
Rejection type :
Seasonal Product
Deleted Product
Delisted Product
The product is no longer available","€15,000.00",480 Hours Per Year,€0.00,,Live,In Production,,04/26/2024,https://cloud.uipath.com/lyrecomanagement/DefaultTenant/automationhub_/automation-profile/cash---cs---order-reject-in-rio---management-of-edi-orders-rejection-in-sap,Anna KASSOVICOVA,"simona vrabcová, Quentin Chastin, Aline TURPIN, Anna KASSOVICOVA"
BENELUX,IT,BNL - FIN - CM Customer Aging - Daily Report,"Request from the local Credit manager, Finance Department.

Periodical reports concerning the aging of customers are made using a lot of data extracted from SAP. Part of this data comes from the 'ZFDOPR10 - Customer Open Item Analysis (Overdue Items Balance)' transaction. Local variants have been made in SAP that group data from multiple data tables in a display that is generated in the transaction.

An upside to its FBL5N counterpart is that there is an option to request the data in a background/spool process, so this request does not have to run completely on the foreground. Depending on the company code and the amount of items requested this background process can take a long time. Requesting this data for all the company codes in the Benelux organisation requires the user to wait more than an hour.
In order to be able to free up a significant amount of time a request was made to automate this process.

Two separate UiPath workflows have been created for this process. 
The first workflow will iterate through the different company codes of Lyreco Benelux in SAP transaction ZFDOPR10 and request a report per company code on a virtual machine outside of office hours, so that no users nor physical machines are hindered during the runtime of the request. 
The second workflow will fetch the daily results per company code in SAP transaction SM37 and export them to an .XLSX file which is subsequently cleaned to improve readability. The processed file per company code will be uploaded to a SharePoint location and shared with the process owners.

The script will be triggered on a daily basis.","€15,000.00",480 Hours Per Year,€0.00,document,Live,In Production,Local,04/25/2024,https://cloud.uipath.com/lyrecomanagement/DefaultTenant/automationhub_/automation-profile/bnl---fin---cm-customer-aging---daily-report,Wouter Herrrygers,Wouter Herrrygers
GROUP,GIS Innovation,GRP - IS - Gap of order API idoc,Calculate and alert of the gap that might exist between elastic platform and SAP,"€3,750.00",120 Hours Per Year,€0.00,document,Development,Cancelled,"Local, and maybe Group",04/25/2024,https://cloud.uipath.com/lyrecomanagement/DefaultTenant/automationhub_/automation-profile/grp---is---gap-of-order-api-idoc,Bruno Bastin,Bruno Bastin
FRANCE,Marketing,FR - MKT - Loading safety data sheets into STEP,automated loading of safety data sheets into the Lyreco corporate tool.,"€1,125.00",36 Hours Per Year,€0.00,,Live,In Production,,04/16/2024,https://cloud.uipath.com/lyrecomanagement/DefaultTenant/automationhub_/automation-profile/loading-safety-data-sheets,Valentin GUERIN,"Valentin GUERIN, Sandrine Loeuil, Baptiste DHAUSSY"
FRANCE,GIS Innovation,FR - CS - Conformité paramètrage frais de port et contribution energie,extraction du paramétrage non conforme sold-to et ship-to,€937.50,30 Hours Per Year,€0.00,document,Assessment,Rejected,"Local, and maybe Group",04/16/2024,https://cloud.uipath.com/lyrecomanagement/DefaultTenant/automationhub_/automation-profile/frcsconformitparamtragefraisdeportetcontributionenergie,Bruno Bastin,"Bruno Bastin, Florence DELPLANQUE"
BENELUX,IT,BNL - FIN - CM Invoice Aging - Customer Line Items,"Request from the local Credit manager, Finance Department.

Periodical reports concerning the aging of invoices are made using a lot of data extracted from SAP. Part of this data comes from the 'FBL5N - Customer Line Item Display' transaction. Local variants have been made in SAP that group data from multiple data tables in a display that is generated in the transaction. 

A downside to the transaction is that there is no option to request the data in a background/spool process, it has to process in the actual transaction, on the foreground. Depending on the company code and the amount of items requested this can take a long time. Doing this manually for all the company codes in the Benelux organisation would require the user to wait more than an hour, rendering their SAP session unusable for the time being as doing multiple requests simultaneously would result in system errors.

In order to be able to free up a significant amount of time a request was made to automate this process.
The UiPath workflow will iterate through the different company codes of Lyreco Benelux and process the requests on a virtual machine outside of office hours, so that no users nor physical machines are hindered during the runtime of the request. The results will get exported in a template .XLSX file and shared with the process owners.
The script will be triggered on a daily basis.","€15,000.00",480 Hours Per Year,€0.00,document,Live,In Production,Local,04/15/2024,https://cloud.uipath.com/lyrecomanagement/DefaultTenant/automationhub_/automation-profile/bnl-fin---cm-invoice-aging---customer-line-items,Wouter Herrrygers,Wouter Herrrygers
SIMA,GIS Innovation,GRP - CS - Back Order Management - SIMA,Deployment of the existing Back Order Automation which communicate the back order articles to customer trough Zendesk,"€30,000.00",960 Hours Per Year,€0.00,document,Development,Cancelled,Group,04/15/2024,https://cloud.uipath.com/lyrecomanagement/DefaultTenant/automationhub_/automation-profile/grp---cs---back-order-management---sima,Bruno Bastin,Bruno Bastin
DENMARK,"Customer Service,Coffee Services",DEN-CS-SHURGAARD ORDRES,Automatisk tastning af Shurgaard ordre,"€3,750.00",120 Hours Per Year,€0.00,document,Live,In Production,Local,04/09/2024,https://cloud.uipath.com/lyrecomanagement/DefaultTenant/automationhub_/automation-profile/den-cs-shurgaard-ordres,Helen TIMRELL,"Helen TIMRELL, Lars Christensen, Kim Jagd FREDERIKSEN"
SWEDEN,Customer Unique Specialist,SWE - CS - Warehouse Return handling of Undeliverable Parcels ,"Returning goods where the carrier informs us that the parcel will not be delivered to the customer. The information from the carrier is handled by RPA  to create Return orders of the actual Shipment parcel of physical goods pre-arrival at the Warehouse. When the Warehouse receives the goods the  handling time is reduces from 10min (identify return goods, find reference order, create return) to  seconds","€22,500.00",720 Hours Per Year,€0.00,document,Live,In Production,Local,04/09/2024,https://cloud.uipath.com/lyrecomanagement/DefaultTenant/automationhub_/automation-profile/swe---cs--warehouse-return-handling-of-undeliverable-parcels-,SVÄRD Peter,"Johan SIEDBERG, SVÄRD Peter"
DENMARK,Marketing,DEN-MKT-Subscribe Activecampaign,"We have an existing API solution, which automatically transfers permissions (subscriptions to the newsletter) gathered via Eloqua to Activecampaign. However, a few of these are rejected by Active campaign due to default settings. These must be added manually afterwards.

This automation should strive to add these 'special cases' automatically. There are, under normal circumstances, between 1-20 each day.","€2,250.00",72 Hours Per Year,€0.00,document,Testing,In Progress,Local,04/03/2024,https://cloud.uipath.com/lyrecomanagement/DefaultTenant/automationhub_/automation-profile/auto-subscribe-special-cases-from-eloqua-to-activecampaign,Dennis Roemer JENSEN,"Dennis Roemer JENSEN, Lars Christensen, Kim Jagd FREDERIKSEN"
FRANCE,Finance,FR - FIN - SWAP,Automatiser la gestion des SWAP récupérés via DIAPASON ,"€5,625.00",180 Hours Per Year,€0.00,document,Development,In Progress,Local,03/29/2024,https://cloud.uipath.com/lyrecomanagement/DefaultTenant/automationhub_/automation-profile/fr---fin---swap,Celine DI STEFANO,"Hanane ABBA, Celine DI STEFANO, Aline TURPIN"
GROUP,IS,CH - CS - Order reject in RIO - Management of EDI orders rejection in SAP,"The robot is intended for the Customer Service team
It allows to process certain type of rejection in transaction ZV011116
Rejection type :
Seasonal Product
Deleted Product
Delisted Product
The product is no longer available","€15,000.00",480 Hours Per Year,€0.00,,Live,In Production,,03/28/2024,https://cloud.uipath.com/lyrecomanagement/DefaultTenant/automationhub_/automation-profile/ch---cs---order-reject-in-rio---management-of-edi-orders-rejection-in-sap,Aline TURPIN,"Quentin Chastin, Aline TURPIN"
GROUP,IS,GER - CC - Order reject in RIO - Management of EDI orders rejection in SAP,"The robot is intended for the Customer Care team
It allows to process certain type of rejection in transaction ZV011116
Rejection type :
Seasonal Product
Deleted Product
Delisted Product
The product is no longer available","€36,000.00",1152 Hours Per Year,€0.00,,Live,Hypercare,,03/28/2024,https://cloud.uipath.com/lyrecomanagement/DefaultTenant/automationhub_/automation-profile/ger---cc---order-reject-in-rio---management-of-edi-orders-rejection-in-sap,Aline TURPIN,"Aline TURPIN, Quentin Chastin"
GROUP,GIS Innovation,GRP - RPA - Lyreco Library UiPath,"Tthe creation of a common code component library for those of us working with UIPath.

The aim of this library is to centralise our efforts and share our expertise, by consolidating proven and reusable solutions. This will not only enable us to speed up the development of our projects, but also guarantee greater quality and consistency across our various automations.

We invite you to contribute to the ongoing enrichment of this library by commenting on your ideas for activities that could be added to it. ",€0.00,0 Hours Per Year,€0.00,document,Live,In Production,Group,03/28/2024,https://cloud.uipath.com/lyrecomanagement/DefaultTenant/automationhub_/automation-profile/lyreco-librairie-rpa-,Quentin Chastin,"Alexandre FOUCHER, Quentin Chastin"
BENELUX,IT,BNL - FIN - Distance Calculation - Update Employee Details,"Request from the local Payroll manager, Finance Department.

On a monthly basis the local payroll department extracts a report from ProTime (local platform) containing all declared travel expenses. The report contains a list of entries made by Benelux colleagues in the platform, containing details such as their default workplace and the place of the 'activity'.
The remuneration of this declaration is based on the travel distance in kilometres. In order to calculate the remuneration the local payroll team would have to manually calculate the distance using tools such as Google Maps / Bing Maps. 
Given the repetitive nature of this activity and the possibility of 1000+ entries being in the monthly files, a request was made to automate/optimize this process.

A previous development was made in the Power Automate platform, which would iterate through the list of entries and would calculate the difference between 'Point A' and 'Point B' using a Bing Maps API connection. The calculation is however based on the personal addresses of the employees, but this data is not available in the ProTime platform. These details need to get fetched from WorkDay exports.

This process (UiPath cloud workflow / background process) will feed a local database with the report details so that the PA cloud process making the actual calculations can use up to date data. 
The script will be triggered on a monthly basis based on the schedule of the WorkDay exports.","€9,000.00",288 Hours Per Year,€0.00,document,Live,In Production,Local,03/27/2024,https://cloud.uipath.com/lyrecomanagement/DefaultTenant/automationhub_/automation-profile/bnl---fin---distance-calculation---update-employee-details,Wouter Herrrygers,"Wouter Herrrygers, Benoit Duchesne"
CASH,IS,CASH - PRINTED - Automation of Special products creation in SAP,"Remove manuality from the ""Print"" depratment, where they have to manually create multiple special (SPX) products every day. Instead of working with SAP, they will put the data in the Excel spreadsheet and the robot will create the products for them.","€45,000.00",1440 Hours Per Year,€0.00,document,Live,In Production,"Local, and maybe Group",03/26/2024,https://cloud.uipath.com/lyrecomanagement/DefaultTenant/automationhub_/automation-profile/cash---printed---automation-of-special-products-creation-in-sap,Eduard SEKERES,Eduard SEKERES
SIMA,Logistics,SIMA - SC - Supplier chasing ,"Chase supplier in case of late open purchase orders. Generation of files with late POs, mail sending and eventually updates in SAP.","€90,000.00",2880 Hours Per Year,€0.00,,Live,In Production,,03/25/2024,https://cloud.uipath.com/lyrecomanagement/DefaultTenant/automationhub_/automation-profile/sima---sc---supplier-chasing-,Vincent Furic,"Aline TURPIN, Dimitri Degroise, Vincent Furic"
SIMA,Logistics,SIMA - SC - Buying forecast calculation,"The process consists, using an excel file, which contains the information of the suppliers, to extract the data of the latter in the Power BI application with a well-defined sharing horizon.
The purpose of the extraction is to extract supplier data for subsidiaries in POWER BI and generate an Excel file with the information. The latter is sent by e-mail to the supplier's contacts.","€9,000.00",288 Hours Per Year,€0.00,,Live,In Production,,03/25/2024,https://cloud.uipath.com/lyrecomanagement/DefaultTenant/automationhub_/automation-profile/sima---sc---buying-forecast-calculation,Vincent Furic,"Aline TURPIN, Dimitri Degroise, Vincent Furic"
GROUP,Sales,GRP - Sales - Rebates management file,"Every month, we have to provide to group and local finance the accruals for all our global customers.
For doing that, we must compile the information provided by each IAM on an excel file and copy and paste the information into a global master file (excel file).
It concerns around 30 customers by month. Every quarter we must review all our customers (around 420 customers). We are spending around 5-7 minutes by customer for the integration.  And since December 2023, we must add to this task, the manual update of a consortium of 150 accounts on a monthly basis because the percentage of rebates is calculated upon specific ranges and change every month.","€18,375.00",588 Hours Per Year,€0.00,document,Live,In Production,Group,03/12/2024,https://cloud.uipath.com/lyrecomanagement/DefaultTenant/automationhub_/automation-profile/rebates-management-file,Laetitia BARRAUD,"Laetitia BARRAUD, Aline TURPIN"
BENELUX,Customer Service,BNL - Siti - Automatic closure of actions,Drivers use actions in SITI that has no action required at CS level.  Those actions needs to be closed at a daily base and has no added value.,"€18,750.00",600 Hours Per Year,€0.00,document,Solution Design,On Hold,"Local, and maybe Group",03/12/2024,https://cloud.uipath.com/lyrecomanagement/DefaultTenant/automationhub_/automation-profile/siti-automatic-closure-of-actions,Sharina INFURNA,"Sharina INFURNA, Benoit Duchesne"
FRANCE,Finance,FR - FIN - End-of-promotion result reminders,This process follows on from the information communicated by the Marketing End of Promotion bot. It enables the Finance department to send out the necessary reminders to suppliers in order to receive credit notes. ,"€1,725.00",55.2 Hours Per Year,€0.00,document,Assessment,Not Started,"Local, and maybe Group",03/12/2024,https://cloud.uipath.com/lyrecomanagement/DefaultTenant/automationhub_/automation-profile/fr---fin---end-of-promotion-result-reminders,Marine DENIS,"Marine DENIS, Thomas DELOS"
DENMARK,,DEN-MKT-direct delivery XML standard,"Vi ønsker at indføre XML standard til nogle direkte leveringer, da det er et krav fra leverandøren","€11,250.00",360 Hours Per Year,€0.00,document,Live,In Production,Local,03/08/2024,https://cloud.uipath.com/lyrecomanagement/DefaultTenant/automationhub_/automation-profile/den-mkt-direct-delivery-xml-standard,Rikke ELERS,"Rikke ELERS, Lars Christensen, Kim Jagd FREDERIKSEN"
GERMANY,"Customer Experience,Marketing",GER - LOG - Supplier Order Response Booking ,"After creation and transmission of stock orders in SAP,  Lyreco Germany is expecting an order response confirmation by almost each supplier. 
Currently, the suppliers are providing this order response confirmations mostly as PDF document via Email. 
After receiption,  the demand planners are checking its contents and compare it with the origin stock order in SAP.  If necessary, they are adjusting some data, like order number supplier, delivery date and even delivery quantity. 
In future, this daily manual process should be executed by this automated  process. ","€7,500.00",240 Hours Per Year,€0.00,document,Live,In Production,Local,03/04/2024,https://cloud.uipath.com/lyrecomanagement/DefaultTenant/automationhub_/automation-profile/ger----supplier-order-response-automation-,Reiner FRITSCH,"Reiner FRITSCH, Sinan Adiyaman"
GROUP,Customer Experience,WISE - CE - Order reject in RIO - Management of EDI orders rejection in SAP,"The robot is intended for the Customer Service team
It allows to process certain type of rejection in transaction ZV011116
Rejection type :
Seasonal Product
Deleted Product
Delisted Product
The product is no longer available","€45,000.00",1440 Hours Per Year,€0.00,,Live,In Production,,03/01/2024,https://cloud.uipath.com/lyrecomanagement/DefaultTenant/automationhub_/automation-profile/wise---ce---order-reject-in-rio---management-of-edi-orders-rejection-in-sap,Dave Wilton,"Dave Wilton, Quentin Chastin, Aline TURPIN"
DENMARK,Finance,DEN-FIN-Incoming invoices (creditors),Automating the bookkeeping of manual processes when posting creditor vouchers (without ordernumber) and archiving of these,"€37,500.00",1200 Hours Per Year,€0.00,document,Live,In Production,Local,02/29/2024,https://cloud.uipath.com/lyrecomanagement/DefaultTenant/automationhub_/automation-profile/posting-of-incoming-invoices--creditors-,Eva NEUHAUSEN,"Eva NEUHAUSEN, Lars Christensen, Dorthe A. ANDERSEN, Kim Jagd FREDERIKSEN"
CASH,IS,CASH - MKT - Lyreco Bonus Program Customer validation,"Automatization   of data exchange for Lyreco BONUS program
- Automatization of customer data via API (validation of registration based on customer card/webshop access); 
","€7,500.00",240 Hours Per Year,€0.00,document,Live,In Production,"Local, and maybe Group",02/28/2024,https://cloud.uipath.com/lyrecomanagement/DefaultTenant/automationhub_/automation-profile/cash---mkt---lyreco-bonus-program-customer-validation,Eduard SEKERES,Eduard SEKERES
DENMARK,"Customer Service,Coffee Services",DEN-CS-Sallingorders,Vi ønkser automatisk oprettelse af Sallingordre via RPA. ,"€7,500.00",240 Hours Per Year,€0.00,document,Live,In Production,Local,02/28/2024,https://cloud.uipath.com/lyrecomanagement/DefaultTenant/automationhub_/automation-profile/den-cs-sallingorders,Helen TIMRELL,"Helen TIMRELL, Lars Christensen, Kim Jagd FREDERIKSEN"
FRANCE,GIS Innovation,FR - FIN - Validation of PSA order,Connect to web interface PSA in order to validate order for billing,"€1,250.00",40 Hours Per Year,€0.00,document,Assessment,Rejected,Local,02/16/2024,https://cloud.uipath.com/lyrecomanagement/DefaultTenant/automationhub_/automation-profile/fr---fin---validation-of-psa-order,Bruno Bastin,"Bruno Bastin, Anne Sophie DHAUSSY"
DENMARK,Logistics,DEN-LOG-SITI files,"Data from SITI used for different projects like daily NDR and invoices for drivers (high savings on these projects)
Projects:
DEN-LOG-SITI Invoice files","€1,500.00",48 Hours Per Year,€0.00,document,Live,In Production,"Local, and maybe Group",02/16/2024,https://cloud.uipath.com/lyrecomanagement/DefaultTenant/automationhub_/automation-profile/den-log-siti-files,Linda Molnit SCHYTH,"Linda Molnit SCHYTH, Kim Jagd FREDERIKSEN, Lars Christensen"
DENMARK,MARKETING,DEN-LOG-SITI Invoice files,Invoice files,"€84,375.00",2700 Hours Per Year,€0.00,document,Live,In Production,Local,02/16/2024,https://cloud.uipath.com/lyrecomanagement/DefaultTenant/automationhub_/automation-profile/den-log-siti-invoice-files,Lars Christensen,"Lars Christensen, Linda Molnit SCHYTH, Kim Jagd FREDERIKSEN"
FRANCE,Finance,FR - FIN - Keying doubtful customer credit part,credit operating mode for processing bankruptcy events Altares,"€62,812.50",2010 Hours Per Year,€0.00,document,Live,In Production,"Local, and maybe Group",02/13/2024,https://cloud.uipath.com/lyrecomanagement/DefaultTenant/automationhub_/automation-profile/fr---fin---keying-doubtful-customer-2,Allal Chekroun,"Allal Chekroun, Bruno Bastin, Josic Libert"
GROUP,IS,GRP - SALES - C4C attachments extraction,"As part of the USFA migration, we are decommissioning C4C and in this context we need to recover any attachments filed by the sales force in the C4C tool before our access to the tool closes on March 28th 2024. ",€0.00,0 Hours Per Year,"€21,500.00",document,Live,In Production,Group,02/12/2024,https://cloud.uipath.com/lyrecomanagement/DefaultTenant/automationhub_/automation-profile/grp---sales---c4c-attachments-extraction,Aline TURPIN,"Aline TURPIN, Dimitri Degroise, Bruno Bastin"
BENELUX,IT,BNL - MKT - SVHC Document Translation EN to NLFR,"Request from the local Marketing Process Coordinator, Products & Services department.

Batches of English SVHC documents need to be translated to both Dutch and French here in Benelux. The difficulty lies in the fact that each document contains a unique part (data table) which makes it rather tedious to be copying and pasting multiple paragraphs manually, while at the same time trying to keep the overall layout of the documents intact.

A request was made to automate this process, given that a couple hundred documents need to be processed and there will most likely be multiple batches throughout the year.

The UIPath workflow will execute this task without having to open the .docx files given that there are background activities for it. It will process each file and generate a Dutch and French version of it (The translation is pre-defined and the same for each file, no generative AI is used during the process). The translated copies will be uploaded to a Sharepoint location in a separate folder per language.

The process will be launched multiple times a year, process peaks are not fixed.","€2,250.00",72 Hours Per Year,€0.00,document,Live,In Production,Local,02/09/2024,https://cloud.uipath.com/lyrecomanagement/DefaultTenant/automationhub_/automation-profile/bnl---mkt---svhc-document-translation-en-to-nlfr,Wouter Herrrygers,"Wouter Herrrygers, Jorien PEETERS"
BENELUX,IT,BNL - FIN - CM Dunning Statistics,"Request from the local Credit manager, Finance Department.
Dunning statistics are pulled from SAP on a bi-weekly basis, but doing this in the current as-is situation takes multiple hours. The available SAP transactions are not easily exported in a tabular format which results in a lot of time consuming manual work in order to get the necessary data in a proper format to make reports.

In order to be able to free up a significant amount of time a request was made to automate this process.
The UiPath workflow will iterate through the different company codes of Lyreco Benelux and check in SAP which the last Dunning ID that was processed. Based on this ID the script will fetch the necessary data from SE16 table MHNK and subsequently transform the extracted data table in order to get specific results, such as the # of customers dunned on levels 1 through 4, etc. The results will get exported in a template .XLSX file and shared with the process owners.

The script will be triggered periodically, most likely on a weekly or bi-weekly basis.","€15,000.00",480 Hours Per Year,€0.00,document,Live,In Production,Local,02/09/2024,https://cloud.uipath.com/lyrecomanagement/DefaultTenant/automationhub_/automation-profile/bnl---fi---cm-dunning-statistics,Wouter Herrrygers,Wouter Herrrygers
BENELUX,IT,BNL - MKT - Local bible consolidation,"Request from the local Marketing Process Coordinator, Products & Services department.
Our different product categories each use their separate local bibles. Other departments and teams, such as the local Bids & Tenders teams need one consolidated file. In order to be able to provide this the Marketing Process Coordinator would manually open each bible and merge it into a consolidated file.

The process only takes a few minutes a week, but there's no added value in doing it manually so we wrote a short script for it.

The automation opens a template file to get the lay-out of the header rows. Afterwards it will download and open a copy of each separate local bible and put its contents in a data table. The full data table is subsequently exported into a consolidated .XLSX file. The file is saved on a SharePoint location and the previous versions are deleted so that the only available file is the up to date one.

Updated: frequency increased to daily runtimes.","€4,687.50",150 Hours Per Year,€0.00,document,Live,In Production,Local,02/09/2024,https://cloud.uipath.com/lyrecomanagement/DefaultTenant/automationhub_/automation-profile/bnl---mkt---weekly-local-bible-consolidation,Wouter Herrrygers,"Jorien PEETERS, Wouter Herrrygers"
GROUP,Management Team,IT - CS - Order reject in RIO - Management of EDI orders rejection in SAP,"It allows to process certain type of rejection in transaction ZV011116
Rejection type :
Seasonal Product
Deleted Product
Delisted Product
The product is no longer available",€750.00,24 Hours Per Year,€0.00,,Live,In Production,,02/09/2024,https://cloud.uipath.com/lyrecomanagement/DefaultTenant/automationhub_/automation-profile/it---cs---order-reject-in-rio---management-of-edi-orders-rejection-in-sap,Ewa Marta LUSZPIANKO,"Cecilia Plata Maresca, Quentin Chastin, Aline TURPIN, Ewa Marta LUSZPIANKO"
DENMARK,Marketing,DEN-MKT-Mark for deletion Non stock,"Hej Kim,
Når vi skal lukke varenumre i SAP, skal vi gøre som i vedhæftede flow og via 3 SAP applikationer MM02 – ME01 – MM06
Jeg har taget tid på hvor lang tid det tager når jeg skal igennem 12 varenumre – 12,31 minutter
Hvis vi kan nøjes med kun at gøre det i MM02, tager det os 4,56 minutter.
Derfor vil jeg høre om vi kan lave en månedlig kørsel i SAP hvor alle 98 markeret varenumre bliver lukket helt ned.
Altså i ME01 + MM06.

Derudover skal vi tjekke om vi kan lukke vare ned i Nonstock som der ikke har været:
Salg på 12 måneder tilbage
Som ikke er oprettet indenfor 2 måneder.
Som ikke er på kunde kontrakt.
Hvis jeg tager udgangspunkt i Non-stock bibel
Leverandør Despec Denmark
Kollonne M Catalogue Page Spx
Så tænker jeg at der er en del varenumre som vi kan lukket ned.
Hvis vi kan gøre dette 1 gang månedligt – så vil vi undgå de tunge filer med mange inaktive varenumre hvor priserne heller ikke er opdateret.","€1,000.00",32 Hours Per Year,€0.00,document,Live,In Production,Local,02/08/2024,https://cloud.uipath.com/lyrecomanagement/DefaultTenant/automationhub_/automation-profile/automatic-flow-in-nonstock-dk----mark-for-deletion----clean-up-inactive-item-numbers,Jeanette CLAUSEN,"Jeanette CLAUSEN, Lars Christensen, Kim Jagd FREDERIKSEN"
GROUP,Customer Service,BNL - CS - Order reject in RIO - Management of EDI orders rejection in SAP,"It allows to process certain type of rejection in transaction ZV011116
Rejection type :
Seasonal Product
Deleted Product
Delisted Product
The product is no longer available","€67,500.00",2160 Hours Per Year,€0.00,,Live,In Production,,02/06/2024,https://cloud.uipath.com/lyrecomanagement/DefaultTenant/automationhub_/automation-profile/bnl---cs---order-reject-in-rio---management-of-edi-orders-rejection-in-sap,Sabine Reusch,"Menno STOLK, Quentin Chastin, Aline TURPIN, Sabine Reusch"
GROUP,,GRP - IS - Automation of Jira exports to Excel DB,"In order to maintain proper analytics and tracking of the program, we have created PowerBI reports based on the data downloaded from Jira.
The way it works is that each Monday, I’m exporting User Stories from “NextGen – Program” Jira project in CSV format and then I copy the values of downloaded file to our Excel database.
Would it be possible to automate this process to save time?",€375.00,12 Hours Per Year,€0.00,document,Qualification,Rejected,Group,02/06/2024,https://cloud.uipath.com/lyrecomanagement/DefaultTenant/automationhub_/automation-profile/automation-of-jira-exports-to-excel-db,Lukasz GLADYS,Lukasz GLADYS
FRANCE,Finance,FR - FIN - Unpaid management,"process similar the e-robot process for bankrupts but for another event : bank unpaids
 we face around 290 bank  unpaids per year for financial purpose
in this situation we have to update the credit frame of the customer
this task has no added value, administrative, spend around 5 minutes per 
the aim is to be able to rpa this task with robots :)

+ add 07/02/2024 - after discussion with thomas he has 1152 technical + 290 financial unpaid to manage on accountant point of view X 3 minutes = 4326 minutes = 72 hours = around 10days men per year
we can add it saccounting need as we done with bankrupts","€27,000.00",864 Hours Per Year,€0.00,RPA impayés.docx,Qualification,On Hold,"Local, and maybe Group",02/02/2024,https://cloud.uipath.com/lyrecomanagement/DefaultTenant/automationhub_/automation-profile/unpaid-management,Benoit Frere,Benoit Frere
DENMARK,,DEN-MKT-Retresco,"Automate export processes from Retresco, including using the API in excel, removing HTML tags, and uploading finished texts to STEP.","€1,875.00",60 Hours Per Year,€0.00,document,Live,In Production,"Local, and maybe Group",02/01/2024,https://cloud.uipath.com/lyrecomanagement/DefaultTenant/automationhub_/automation-profile/den---mkt---retresco,Marie SVENDSEN,"Marie SVENDSEN, Lars Christensen"
DENMARK,Marketing,DEN-MKT-Udtræk af C-fac lister,Udtræk af C-fac (spærrede faktura pga. prisdifference)  lister i SAP ,"€1,500.00",48 Hours Per Year,€0.00,document,Live,In Production,Local,01/24/2024,https://cloud.uipath.com/lyrecomanagement/DefaultTenant/automationhub_/automation-profile/denmktudtrkafcfaclister,Sara Boegelund FREDERIKSEN,"Sara Boegelund FREDERIKSEN, Lars Christensen, Kim Jagd FREDERIKSEN, Tina Skroeder OLSEN"
DENMARK,Customer Service,DEN-CS-Automation Order,Sales Rep. can place orders without going through an advisor in Customer Service. This is especially when a customer needs a special price.  ,"€7,500.00",240 Hours Per Year,€0.00,document,Live,In Production,"Local, and maybe Group",01/24/2024,https://cloud.uipath.com/lyrecomanagement/DefaultTenant/automationhub_/automation-profile/den---cs---automation-order,Anne Kirstine GROENNE,"Anne Kirstine GROENNE, Lars Christensen, Kim Jagd FREDERIKSEN"
DENMARK,,DEN-MKT-Excel lookup to zendesk,We wish to take a value from excel to subject in Zendesk,"€7,500.00",240 Hours Per Year,€0.00,document,Live,In Production,"Local, and maybe Group",01/23/2024,https://cloud.uipath.com/lyrecomanagement/DefaultTenant/automationhub_/automation-profile/den-mkt-excel-look-up-to-zendesk,Pia CHRISTENSEN,"Pia CHRISTENSEN, Lars Christensen, Tina Skroeder OLSEN"
DENMARK,Marketing,DEN-MKT-98/99 markeringer ,"98/99 markeringer på varenumre der kommer fra indkøb. 
99 = varer der skal udgå, men stadig har lagerbeholdning 
98 = Varer der er udgået og 0 i lagerbeholdning.
Der er lavet en makro i non-stock for lukning af 98 varer. ","€1,500.00",48 Hours Per Year,€0.00,document,Live,In Production,Local,01/22/2024,https://cloud.uipath.com/lyrecomanagement/DefaultTenant/automationhub_/automation-profile/den-mkt-9899-markeringer-,Sara Boegelund FREDERIKSEN,"Sara Boegelund FREDERIKSEN, Lars Christensen, Tina Skroeder OLSEN, Kim Jagd FREDERIKSEN"
DENMARK,Marketing,DEN-MKT-Produktoprettelse,AMCT tool - SAP. Produktoprettelse,"€6,750.00",216 Hours Per Year,€0.00,document,Live,In Production,Local,01/22/2024,https://cloud.uipath.com/lyrecomanagement/DefaultTenant/automationhub_/automation-profile/den---mkt---produktoprettelse,Tina Skroeder OLSEN,"Tina Skroeder OLSEN, Lars Christensen"
BENELUX,Logistic,BNL - LOG - Code 95 Daily - Stock report,"Send report every morning to team planning, on stock level of items that are on code 95. 
That will save 5 to 10 min every day for the generation of the reprt. But that has a big impact on sales . That will help us get items available for customer orders and avoid blocking the sales for an item that is on stock. ","€1,500.00",48 Hours Per Year,€0.00,"STOCK code 95. easy vista request bis.pdf,Mailing list.pdf",Assessment,Not Started,Local,01/22/2024,https://cloud.uipath.com/lyrecomanagement/DefaultTenant/automationhub_/automation-profile/code-95-daily--stock--report,Yaser Uddin,Yaser Uddin
GROUP,Finance,GRP - COMP - Declaration of gifts and invitations received,"Accepting gifts or invitations from a Lyreco employee and a business partner (customer, supplier, manufacturer...) can reinforce the quality of commercial relations and comply with the rules of courtesy. However, the acceptance of certain gifts and invitations may create inappropriate influence or appear to do so, or even be considered as a channel of corruption or bribery, which is severely punished and can tarnish Lyreco's reputation.
With this in mind, we would like to implement a declaration form enabling Lyreco employees to declare any receipt of gifts, meals and invitations, in conjunction with the ""Guide to gifts, meals and invitations"" and the ""Code of ethics"".","€37,656.25",1205 Hours Per Year,€0.00,document,Qualification,Rejected,Group,01/04/2024,https://cloud.uipath.com/lyrecomanagement/DefaultTenant/automationhub_/automation-profile/declaration-of-gifts-and-invitations-received,Nicolas CAPON,Nicolas CAPON
WISE,Logistics,WISE - LOG - Automation of Daily Stock Report from Power BI - Demand and Supply ,"In WISE - each day the Supply Chain Analyst extracts from the Demand and Supply Power BI application a report which details an overview of the current stock positions for products held in both the Telford and Dublin warehouses.

Two separate reports for each warehouse are then downloaded, extracted to excel and emailed out to a large distribution list - Sales / Customer Care / Products and Services & Supply Chain. (Approx 250+ recipients a day)

The reports sent out daily allow all areas of the business to make informed decisions based on the current stock position, help Customer Care answer customer queries, assist the sales team in the field by having up to date stock information without needing to contact Customer Care / Replen teams and allow the Supply Planners in replen manage their stock portfolio more effectively. Example report attached. This can take 30 mins per day to extract / save and email out.

There is also an additional two reports that are extracted from PBI each day by the planning analyst after these stock reports are emailed out. I have detailed those two below:

BI Stock Report - Similar to the stock report that gets emailed out but with more information, this is extracted and saved to a drive for the BI team daily to use.

Purchase Requestions - Each day a list of all open purchase requisitions which are due to be released that day up to six months into the future is extracted from Demand and Supply PBI app and saved to the BI Team drive to use.

This is an additional 15 minutes per day on top of the daily stock reports.

There is no analysis and is simply extracting and sending out data. This would save 225 minutes a week if these four reports could be automated daily, allowing the planning analyst to focus on more complex tasks.","€6,000.00",192 Hours Per Year,€0.00,Example of UK Stock Report - 02.01.24,Assessment,In Progress,"Local, and maybe Group",01/02/2024,https://cloud.uipath.com/lyrecomanagement/DefaultTenant/automationhub_/automation-profile/automation-of-daily-stock-report-from-power-bi---demand-and-supply-,Duncan MILTON,Duncan MILTON
FRANCE,Marketing,FR - MKT - Identification of duplicates SAP codes,"The aim of this automation will be to clean up the referencing database
Give priority to catalogue references over non-catalogue references
Bonus for achieving catalogue sales targets (back discount)
Saves time
Avoids time-consumption


","€15,000.00",480 Hours Per Year,€0.00,document,Development,On Hold,"Local, and maybe Group",12/19/2023,https://cloud.uipath.com/lyrecomanagement/DefaultTenant/automationhub_/automation-profile/identification-of-duplicates-sap-codes,Florine Tison,"Florine Tison, mathieu lison, Aline TURPIN"
DENMARK,Finance,DEN-QSS-Control of content Catalogue ,"Limit Mistakes in the Catelogue.
A a screen of the Catelogue, showing that all products with Sustainable Selection is marked as Sustainable Selection.",€0.00,0 Hours Per Year,"€3,000.00",document,Assessment,Not Started,"Local, and maybe Group",12/15/2023,https://cloud.uipath.com/lyrecomanagement/DefaultTenant/automationhub_/automation-profile/control-of-content-catelogue,Eva NEUHAUSEN,"Eva NEUHAUSEN, Lars Christensen, Victor Sebastian BJARNESEN, Kim Jagd FREDERIKSEN"
DENMARK,Finance,DEN-FIN-Accruals,"Optimize monthly Closing.
Autoposting in SAP by using our local Excel worksheet, and saving document with ID-number","€2,812.50",90 Hours Per Year,€0.00,document,Assessment,Not Started,"Local, and maybe Group",12/15/2023,https://cloud.uipath.com/lyrecomanagement/DefaultTenant/automationhub_/automation-profile/accruals,Eva NEUHAUSEN,"Eva NEUHAUSEN, Lars Christensen"
DENMARK,Finance,DEN-FIN-Invoicing/Credit note Backend and CVR,"Risk minimizing and save of time during manual work.
By having an Excel list, we would like a tool to create invoices and CN, which specifik text, send out and store an electronic copy on local drive","€10,125.00",324 Hours Per Year,€0.00,document,Live,In Production,Local,12/15/2023,https://cloud.uipath.com/lyrecomanagement/DefaultTenant/automationhub_/automation-profile/invoicingcredit-note-backend-and-cvr,Eva NEUHAUSEN,"Eva NEUHAUSEN, Lars Christensen, Jimmi PETERSEN, Kim Jagd FREDERIKSEN"
DENMARK,Finance,DEN-FIN-Autoclear 1 to 1 DKK postings,"Automatic posting and save of time.
In order to avoid mails accross departments, contact with external etc. The idea is to clear the small postings instead of spending hours investigating small values. The File needs to be controlled before clearing","€3,750.00",120 Hours Per Year,€0.00,document,Live,In Production,"Local, and maybe Group",12/15/2023,https://cloud.uipath.com/lyrecomanagement/DefaultTenant/automationhub_/automation-profile/autoclear--1-to-1-dkk-postings,Eva NEUHAUSEN,"Eva NEUHAUSEN, Lars Christensen, Kim Jagd FREDERIKSEN"
DENMARK,,DEN-QSS-SITI Route mapping for distance and CO2e emissions,"Connecting the coordinates from SITI through (eg. Google Cloud API), to get distance driven for each route. We can calculate fuel consumption from this and thereby CO2e emissions on deliveries.","€97,500.00",3120 Hours Per Year,€0.00,document,Assessment,Not Started,"Local, and maybe Group",12/14/2023,https://cloud.uipath.com/lyrecomanagement/DefaultTenant/automationhub_/automation-profile/siti-route-mapping-for-distance-and-co2e-emissions,Victor Sebastian BJARNESEN,"Victor Sebastian BJARNESEN, Lars Christensen"
DENMARK,Finance,DEN-FIN-Control Product Taxes,"Risk Minimizing and Compliance
Instead of Manually extracting and checking data, a tool to check data is complete and valid, also over to Bing","€6,000.00",192 Hours Per Year,€0.00,document,Assessment,Not Started,"Local, and maybe Group",12/11/2023,https://cloud.uipath.com/lyrecomanagement/DefaultTenant/automationhub_/automation-profile/control-product-taxes,Eva NEUHAUSEN,"Eva NEUHAUSEN, Lars Christensen"
BENELUX,IT,BNL - MKT - Pricing Purchase Price Match,"Request from the local Products & Services (Marketing Department)

During the end of year pricing update process the local Products & Services (Marketing) department in Benelux needs to upload all the new purchase prices in SAP. The new purchase prices are stored in a local 'Purchase Price Bible', which contains roughly 25K lines. The new purchase prices need to be filled in in a 'per supplier' file. Each supplier has 2 separate files, one for all 'Core' products and one for the 'Non-core' products. This amounts to roughly 800 files that need to be completed.
Doing this manually generates a significant workload for multiple employees. Previously this would be done by using V-Lookup / X-Lookup formulas in Excel. This would amount to multiple full working days being spent on this task by multiple employees of each separate product category. Given the repetitive nature of the actions that need to be carried out per iteration, a request was made to automate this process using RPA.

The UiPath workflow will read an Excel file and store all unique references and their corresponding new purchase price. These lines will be stored in a virtual data table. The script will subsequently read every separate 'per supplier' .CSV file and match all lines in them with the references in the virtual data table. If a match is found, the new purchase price will be written back to the 'per supplier' file. The workflow will log how many files have been processed and it will also verify whether there were any files that didn't have a single matching line in the source data table.
Each file that is processed will be uploaded to a specific SharePoint folder using the Office 365 Integration Service activities, so that all files are saved on a location that is accessible by the local Products & Services colleagues.

The script will be triggered periodically, but this should be limited to a few times per year given that these files will only be required during a specific part of the End of Year Pricing process (and possibly the Mid Year Pricing process).","€5,000.00",159.9999999999999999999999999999999999999999999999999999999999999 Hours Per Year,€0.00,document,Live,In Production,Local,12/07/2023,https://cloud.uipath.com/lyrecomanagement/DefaultTenant/automationhub_/automation-profile/bnl---mkt---pricing-purchase-price-match,Wouter Herrrygers,"Severine Merlin, Wouter Herrrygers"
BENELUX,IT,BNL - MKT - Pricing ZM003007 Mass Download,"During the end of year pricing update process the local Products & Services (Marketing) department in Benelux needs to upload all the new purchase prices in SAP. In order to do this they need to extract a file on a per supplier basis from the SAP transaction ZM003007. This is also done twice with different parameters for the Purchasing Groups that are taken into account. This amounts to roughly 800 separate files that need to be extracted from SAP.

Doing this manually generates a significant workload for multiple employees. Given the repetitive nature of the actions that need to be carried out per iteration, a request was made to automate this process using RPA.

The UiPath workflow will read an Excel file and store all unique supplier codes in a virtual data table. The script will open SAP and extract a file for each unique entry in the virtual DT. The workflow will log how many files have been extracted and it will also verify whether there were any supplier codes in the list that didn't generate a file upon its request due to there being no lines to extract. 
Each file that is extracted will be uploaded to a specific SharePoint folder using the Office 365 Integration Service activities, so that all files are saved on a location that is accessible by the local Products & Services colleagues.

The script will be triggered periodically, but this should be limited to a few times per year given that these files will only be required during a specific part of the End of Year Pricing process (and possibly the Mid Year Pricing process).
","€3,000.00",96 Hours Per Year,€0.00,document,Live,In Production,Local,11/30/2023,https://cloud.uipath.com/lyrecomanagement/DefaultTenant/automationhub_/automation-profile/bnl-mkt-pricing-zm003007-mass-download,Wouter Herrrygers,"Severine Merlin, Wouter Herrrygers"
DENMARK,"Customer Service,Coffee Services",DEN-CS-Danske Bank Picking List PO Automation,Integration of Danske Bank picking list in SAP,"€3,750.00",120 Hours Per Year,€0.00,document,Live,In Production,Local,11/28/2023,https://cloud.uipath.com/lyrecomanagement/DefaultTenant/automationhub_/automation-profile/danske-bank-picking-list-po-automation,Kristina BETZER,"Kristina BETZER, Kim Jagd FREDERIKSEN, Lars Christensen, Helen TIMRELL"
BENELUX,IT,BNL - MKT - Daily DB Sync,"The local Products & Services (Marketing) department in Benelux sends out mass mailings to their suppliers regularly. The contact addresses used by the mailing scripts are stored in a SharePoint list, which needs to be kept up to date to ensure that the mails are sent to the correct contact addresses. 

The local key users do not use this SharePoint list but an Excel file in which they log the contact addresses for their suppliers. This file is used as a source to keep the SharePoint list up to date on a daily basis.

The UiPath workflow will read the Excel file and store all the lines in a virtual data table. The script will also read the lines that are currently stored in the SharePoint list and match them with the lines in the virtual data table based on the supplier code. If any of the matched supplier codes have different values, such as a new mail address for the contact person, the line in the SharePoint list will be updated. If there are any new lines in the Excel file, these will also be created in the SharePoint list. If there are any lines in the SharePoint list that are no longer in the source file, these will also be deleted in the SharePoint list.

This ensures that the SharePoint list that is used in periodical mailings remains up to date with all the latest changes made by the key users. The process will be triggered daily around 4:30 AM to ensure the file in question is not currently in use.","€3,750.00",120 Hours Per Year,€0.00,document,Live,In Production,Local,11/24/2023,https://cloud.uipath.com/lyrecomanagement/DefaultTenant/automationhub_/automation-profile/bnl---mkt---daily-db-sync,Wouter Herrrygers,"Jorien Peeters, Wouter Herrrygers"
DENMARK,Marketing,DEN-MKT-Non stock pricing automatical upload,"We would like prices to be uploaded automatically from excel file to SAP for Nonstock items.
Every handle on Non-stock items today is done manually, there are no automatically maintenance of these items at all.
","€22,500.00",720 Hours Per Year,€0.00,document,Assessment,Not Started,"Local, and maybe Group",11/24/2023,https://cloud.uipath.com/lyrecomanagement/DefaultTenant/automationhub_/automation-profile/non-stock-pricing-automatical-upload,Jeanette CLAUSEN,"Jeanette CLAUSEN, Lars Christensen"
SWITZERLAND,IT,Ch - CS - Onboarding new Customer,,"€30,000.00",960 Hours Per Year,€0.00,document,Live,In Production,"Local, and maybe Group",11/22/2023,https://cloud.uipath.com/lyrecomanagement/DefaultTenant/automationhub_/automation-profile/ch---cs---onboarding-new-customer,Lukas Meier,"Lukas MEIER, Lukas Meier"
DENMARK,"Customer Service,Coffee Services",DEN-CS-ISS Facility service PO integration,"ISS sends approx. 1.500 PO a year -> 3700 lines.
Sender email: iss.batch@noreply.issworld.com

Only specific criteria:
Search for ""Profitcenter"" in Name 4, and select correct delivery address according to details on the PO.

Otherwise ""normal"" PO handling.

Send the PO number to the customer and add the PO number on the ticket in Zendesk under ""Lyreco order reference""

https://lyreco.zendesk.com/agent/tickets/23325858

Attached Task Capture only contains information regarding ""Profitcenter"" search in SAP.

Use Makro 'New order - no confirmation' /solved.","€3,750.00",120 Hours Per Year,€0.00,"ISS.ssp,ISS.xaml",Live,In Production,Local,11/22/2023,https://cloud.uipath.com/lyrecomanagement/DefaultTenant/automationhub_/automation-profile/iss-facility-service-po-integration,Kristina BETZER,"Kristina BETZER, Lars Christensen, Kim Jagd FREDERIKSEN, Helen TIMRELL"
DENMARK,"Customer Service,Coffee Services",DEN-CS-DFDS/Sertica PO automation,"Automize the injection of the PO's from DFDS.

Current setup:
Lyreco Denmark receives PO's from DFDS with a link to the PO in Sertica.
The PO is typed in manually in SAP P05, and afterwards we need to confirm the PO manually in Sertica.
NB! The process related to backorders, needs be investigated with a F.O. employee

(I am not the correct process owner => Helen Timrell)","€3,750.00",120 Hours Per Year,€0.00,"PO KSCA23157201 LineItems.csv,Zendesk ticket,Zendesk article",Live,In Production,"Local, and maybe Group",11/17/2023,https://cloud.uipath.com/lyrecomanagement/DefaultTenant/automationhub_/automation-profile/dfdssertica-po-automation,Kristina BETZER,"Kristina BETZER, Lars Christensen, Kim Jagd FREDERIKSEN, Helen TIMRELL"
DENMARK,"Coffee Services,Logistics",DEN-SC-NBS tech SAP text automated,"Nespresso Service technicians need the information from the generated PDF file, with data from SAP. Making sure the information from ZENDESK is visible in the ticket, therefore deleting the need for opening the PDF file.
Information needed:
- Model nr./Serial number
- All of ""Customer message""","€3,750.00",120 Hours Per Year,€0.00,NBS Zendesk PDF file,Live,In Production,"Local, and maybe Group",11/14/2023,https://cloud.uipath.com/lyrecomanagement/DefaultTenant/automationhub_/automation-profile/nbs-tech-sap-text-automated,Lasse RHODE,"Lars Christensen, Kim Jagd FREDERIKSEN, Tim STAMPE-CHRISTENSEN, Lasse RHODE"
DENMARK,Customer Service,DEN-CS-Cancel order lines,Canceling order lines and inform the customer that the product is no longer in stock.,"€5,250.00",168 Hours Per Year,€0.00,"Zendesk link,document",Live,In Production,"Local, and maybe Group",11/13/2023,https://cloud.uipath.com/lyrecomanagement/DefaultTenant/automationhub_/automation-profile/anul-order-lines,Anne Kirstine GROENNE,"Anne Kirstine GROENNE, Lars Christensen, Kim Jagd FREDERIKSEN, Helen TIMRELL"
DENMARK,Logistics,DEN-LOG-Q-rapporter SITI,"At RDC´erne ikke skal lave de daglige Q-rapporter over forsinkelser fra dagen før, men at macroen i samarbejde med delivery support laver dem og sørge for at det bliver sendt ud til alle relevante afdelinger.","€31,500.00",1008 Hours Per Year,€0.00,document,Live,In Production,Local,11/07/2023,https://cloud.uipath.com/lyrecomanagement/DefaultTenant/automationhub_/automation-profile/q-rapporter-siti,Anette Britt Lund NIELSEN,"Anette Britt Lund NIELSEN, Lars Christensen, Kim Jagd FREDERIKSEN, Linda Molnit SCHYTH"
GROUP,Logistics,GRP SC - SSL REPORT TIMELINE SHARING TRACKER,More clarity and visibility for SSL timeline - simple e-mail reminders to remind all parties involved where we are in the process.,€187.50,6 Hours Per Year,€0.00,document,Qualification,Rejected,Group,10/24/2023,https://cloud.uipath.com/lyrecomanagement/DefaultTenant/automationhub_/automation-profile/ssl-report-timeline-sharing-tracker,Kamil GALUS,"Kamil GALUS, Dimitri Degroise, mathieu lison"
DENMARK,Logistics,DEN-SC-Picking data collection for ongoing use in optimization,"We are weekly downloading the picking data from last week using SAP SQ008 and saving it in a folder on the network drive.
This data is for example used to compare what the likelihood of a product going with another product is, and thereby optimize a zone or shelfs in kardex.
the files are Saved as a .XLSX",€187.50,6 Hours Per Year,€0.00,document,Live,In Production,Local,10/24/2023,https://cloud.uipath.com/lyrecomanagement/DefaultTenant/automationhub_/automation-profile/picking-data-collection-for-ongoing-use-in-optimization,Lars Erik HENRIKSEN,"Lars Erik HENRIKSEN, Lars Christensen"
DENMARK,Logistics,DEN-SC-Operationel report balance ,"Each day we run a report to keep a record of the balance between picking stations and the amount of prepack in detail.
This is done using power BI data (order preparation) that is fed into an excel file located on the server/common network drive. The result of the auto calculations copied to another tap showing the date and result for the day of the week. This is sorted into groups for each week.
currently there is no documentation on the process yet, but its straightforward and simple.",€750.00,24 Hours Per Year,€0.00,document,Qualification,Awaiting Review,Local,10/24/2023,https://cloud.uipath.com/lyrecomanagement/DefaultTenant/automationhub_/automation-profile/operationel-report-balance-,Lars Erik HENRIKSEN,"Lars Erik HENRIKSEN, Lars Christensen"
DENMARK,MARKETING,DEN - SC - Operational reports restocking,"Each moth we run a report to keep an eye on the amount of restocking done the past month,  in order to optimize any outliers and spot portential future issues in work loads.
This is done by downloading data from ZL031010 and then feeding it in to an excel file that sorts it to present report page for overview and data to work with in other tabs. 
A copy of the file is saved in a network folder with a struckture \202x\name of morht+year.xlsm.
the templet file used to generate the file in excel has the guide on it.",€112.50,3.6 Hours Per Year,€0.00,document,Idea,Rejected,Local,10/24/2023,https://cloud.uipath.com/lyrecomanagement/DefaultTenant/automationhub_/automation-profile/ooperational-reports-restocking,Lars Christensen,"Lars Erik HENRIKSEN, Lars Christensen, Kim Jagd FREDERIKSEN"
BENELUX,IT,BNL - MKT - SDS Request Split - Oneshot,"Request from the local Products & Services (Marketing) department in Benelux. 

In order to prepare for a mass update, requests will be sent out en masse to our (local) suppliers in order to receive an up to date copy of the Safety data sheets of all the products that are currently listed in assortment.

The request entails splitting consolidated data on a 'per supplier basis' and contacting the supplier to complete their file.
The consolidated file will be created by the local Products & Services department in Benelux and saved in a specific format. This main file will be split up per supplier so that the supplier can be sent a file that only contains the lines that are relevant to their product assortment. Previously this was done manually and only for a selection of suppliers.
The scope of this oneshot request entails roughly 3.6K lines for 86 suppliers.

The UiPath workflow will read the consolidated Excel file that has been saved in a specific Sharepoint folder and store all the lines in a virtual data table. Subsequently the data table will be split per supplier using a key column and saved in a separate new Excel file, using a specific template as base. 

Processed 'per supplier' files will be saved in a specific folder so that a follow-up 'mail script' (cloud based) can use these files to actually send the request to the supplier, while including the file as an attachment.
The process was designed for attended use on a local machine. The process will be triggered once, at most twice in case reminders need to be sent out later on.",€0.00,0 Hours Per Year,€500.00,document,Live,In Production,Local,10/19/2023,https://cloud.uipath.com/lyrecomanagement/DefaultTenant/automationhub_/automation-profile/bnl-mkt-sds-request-split---oneshot,Wouter Herrrygers,"Jorien PEETERS, Wouter Herrrygers"
DENMARK,Logistics,DEN-LOG-Digital delivery notes,"Extracting digital delivery notes, to each RDC, at backend making sure all drivers have delivery notes.","€7,500.00",240 Hours Per Year,€0.00,PDF files extraction SP01,Live,In Production,"Local, and maybe Group",10/18/2023,https://cloud.uipath.com/lyrecomanagement/DefaultTenant/automationhub_/automation-profile/digital-delivery-notes,Tim STAMPE-CHRISTENSEN,"Tim STAMPE-CHRISTENSEN, Aline TURPIN, mathieu lison, Lars Christensen, Kim Jagd FREDERIKSEN"
DENMARK,MARKETING,DEN-FIN-Cvrapi.dk Lookup ,"The purpose is to check all our customers VAT-numbers for bankrupcty and closed status every night.
Further more to order block these customers in SAP. 
","€75,000.00",2400 Hours Per Year,€0.00,document,Live,In Production,"Local, and maybe Group",10/17/2023,https://cloud.uipath.com/lyrecomanagement/DefaultTenant/automationhub_/automation-profile/dk-fin-cvrapi-dk-lookup-,Lars Christensen,"Lars Christensen, Kim Jagd FREDERIKSEN, Rabia ESSKIYAH"
BENELUX,Logistics,BNL - SC - Dropshipment Supplier chasing ,"This bot will send automatically reminder to the supplier for dropshiment order. This will helps to keep our data updated, communicate easier about problem on an order with the supplier and will request to the supplier to send us his invoice as soon as the order is delivered to our customer. ","€22,500.00",720 Hours Per Year,€0.00,,Live,In Production,,10/13/2023,https://cloud.uipath.com/lyrecomanagement/DefaultTenant/automationhub_/automation-profile/dropshipment-supplier-chasing-,Catherine Blaise,"Catherine Blaise, mathieu lison, Dimitri Degroise"
DENMARK,Sales,DEN-Sales-GetDailyBings,Collect datasheets from Bing for daily sales reporting.,"€1,125.00",36 Hours Per Year,€0.00,document,Live,In Production,"Local, and maybe Group",10/12/2023,https://cloud.uipath.com/lyrecomanagement/DefaultTenant/automationhub_/automation-profile/dk-sales-getdailybings,Kim Jagd FREDERIKSEN,"Lars Christensen, Kim Jagd FREDERIKSEN"
GROUP,IS,GRPIS - Update PBI app BOT,"Execute some action in order to update Power BI application.
For this it has to connect to the workspace then click on “Update app” on the top of the page.
Then confirm this by clicking on “Update app” again but this time one the bottom right of the page.

Business value : 
Because currently we have a script that publish report on 15 different workspaces. But there one task that needs to be done manually on each of them, it is to update them. So to avoid any mistakes and saves some time we are looking for something to automatize this process.

If you need anything more feel free to ask me.",€0.00,0 Hours Per Year,€0.00,Update Power BI application,Qualification,Archived,Group,10/03/2023,https://cloud.uipath.com/lyrecomanagement/DefaultTenant/automationhub_/automation-profile/update-pbi-app-bot,Luca DI SALVO,"Luca DI SALVO, Aline TURPIN, mathieu lison"
SWEDEN,Customer Unique Specialist,SWE - CS - Invoice changes - Credit / debit,"The objective is to fully automate all processes within SAP whenever we need to modify or manipulate an invoice.
The central aspect of this automation involves initiating a credit process for the existing invoice and subsequently initiating a debit process to generate a corrected version:
There are multiple variations that utilize the same core approach (credit and debit). Examples include changing invoice addresses or references, correcting article prices, handling goodwill compensations, and more.
Version 1 is ready for debugging in the production environment as soon as it becomes unattended. Our intention is to continuously expand support for different versions to address a wide range of scenarios.
The goal is to replace the practice of raising a support ticket with our backoffice unit operations support. Instead, we will utilize the UiPath application to trigger the necessary steps within SAP.
We anticipate approximately 1 full-time equivalent (FTE) in savings, as well as a substantial reduction in lead time for these types of errors (currently taking around 2-4 days under normal circumstances, and more when the backlog is extensive). This improvement will result in an enhanced customer experience and a decrease in incoming calls.","€11,250.00",360 Hours Per Year,€0.00,,Live,In Production,,09/28/2023,https://cloud.uipath.com/lyrecomanagement/DefaultTenant/automationhub_/automation-profile/invoice-changes---credit--debit-f418c7fc,SVÄRD Peter,SVÄRD Peter
BENELUX,IT,BNL - MKT - Pricing Data Merge,"Request from the local Products & Services (Marketing) department in Benelux.

For the end of year pricing requests will be sent out en masse to our suppliers in order to receive the pricing for their product assortment of the coming year.
A different UiPath workflow (BNL MKT Pricing Data Split) will split up the source data in a separate file on a 'per supplier basis'. Each file per supplier will be sent out automatically using a series of Power Automate cloud flows.
In the weeks following the mass mailing the suppliers will be sending their completed pricelists back to the local marketing colleagues. These files will be validated and forwarded to a different box which has a reactive Power Automate cloud flow on it which will automatically save the files on a specific Sharepoint site in a specific subfolder.

This request entails the consolidation of data that has been sent by the suppliers. A large amount of files are received by the local marketing department, and consolidating them manually would cost a lot of time and could also be prone to errors/inaccuracies. Rather than doing this manually, a request was made for an RPA solution that would cover this need automatically.
The UiPath workflow will read all Excel files that have been received in the specified SharePoint folder and store all the lines in a virtual data table if the file is valid. In case of an invalid file structure the workflow skips the file. Subsequently, the full data table will be appended to the consolidated file. Doing this, the consolidated file will always contain all the received information without users having to complete it manually. Processed files will be saved in a separate folder and the processing date will also be noted on a line level basis in the main file. Doing this, it will be easy to check which lines correspond to which file per supplier.

The process is ready for unattended use on a VM using the O365 connector and package. The process runs once per day using a scheduled trigger in the UiPath Orchestrator environment. At the end of the workflow the results will get sent to the process owners including the amount of files processed and/or skipped during the daily run.","€75,000.00",,€0.00,document,Live,In Production,Local,09/01/2023,https://cloud.uipath.com/lyrecomanagement/DefaultTenant/automationhub_/automation-profile/bnl-mkt-pricing-data-merge,Wouter Herrrygers,"Severine Merlin, Wouter Herrrygers"
FRANCE,Planning and performance,GRP IS - P&P - SecretSantaBot,"- Creation of internal event for the IS Group: Secret Santa 
- Allows to create meetings to increase cohesion between employees","€2,250.00",72 Hours Per Year,€0.00,document,Live,Decommissioned,Local,08/31/2023,https://cloud.uipath.com/lyrecomanagement/DefaultTenant/automationhub_/automation-profile/groupisppsecretsantabot,charlotte Gavois,"charlotte Gavois, Julian LEROY, mathieu lison"
CASH,Customer Service CASH,CASH - CS - POD (Proof Of Delivery) Pairing,"Send evidences to Customers regarding invoices and related deliveries via email.
Those information will be extracted from SITI and SAP.

If the customer receives an credit note from FIN, they are asking for the delivery note to the invoiced amount, CS have to download the delivery notes manually and send it to the customer manually. If we had a automatic pairing of this two documents, and sending them together CS would have less manually work and more time to be focused on service level provided to our customers.
The customer wouldn´t need to contact us and request the delivery note = better customer experience.",€0.00,0 Hours Per Year,€10.00,"CASH - POD Use-Case - Additional Scoping Information.docx,document",Qualification,Awaiting Review,"Local, and maybe Group",08/22/2023,https://cloud.uipath.com/lyrecomanagement/DefaultTenant/automationhub_/automation-profile/cash---cs---pod--proof-of-delivery--pairing,simona vrabcová,"simona vrabcová, mathieu lison, Tamara BOGDANYOVA"
BENELUX,IT,BNL - SAL - ISF Pricing Data Split,"Request from the local Intersafe Data specialist (Product & Services department) in Benelux.
Essentially the local ISF counterpart for the 'BNL MKT Pricing Data Split' solution.

For Intersafe Benelux's end of year pricing requests will be sent out to their suppliers in order to receive the pricing for their product assortment of the coming year.
The request entails splitting consolidated data on a 'per supplier basis'.
The consolidated file will be created by the local Products & Services department in Benelux and saved in a specific format. This main file will be split up per supplier so that the supplier can be sent a file that only contains the lines that are relevant to their product assortment. Previously this was done using an Excel VBA macro, but this has become deprecated and doesn't work as well anymore.

The UiPath workflow will read the consolidated Excel file that has been saved in a specific Sharepoint folder and store all the lines in a virtual data table. Subsequently the data table will be split per supplier and saved in a separate new Excel file, using a specific template as base. 
Processed 'per supplier' files will be saved in a specific folder so that the responsible category/product managers can send the files to their suppliers.

The process is ready for unattended use on a VM using the O365 connector and package. The process will be triggered periodically, depending on how often the master data will be changed and/or a reminder needs to be sent to the suppliers.","€6,000.00",,€0.00,document,Live,In Production,Local,08/11/2023,https://cloud.uipath.com/lyrecomanagement/DefaultTenant/automationhub_/automation-profile/bnl-isf-pricing-data-split,Wouter Herrrygers,Wouter Herrrygers
BENELUX,IT,BNL - MKT - Pricing Data Split,"Request from the local Products & Services (Marketing) department in Benelux.

For the end of year pricing requests will be sent out en masse to our suppliers in order to receive the pricing for their product assortment of the coming year.
The request entails splitting consolidated data on a 'per supplier basis' and contacting the supplier to complete their file.
The consolidated file will be created by the local Products & Services department in Benelux and saved in a specific format. This main file will be split up per supplier so that the supplier can be sent a file that only contains the lines that are relevant to their product assortment. Previously this was done using an Excel VBA macro, but this has become deprecated and doesn't work as well anymore.

The UiPath workflow will read the consolidated Excel file that has been saved in a specific Sharepoint folder and store all the lines in a virtual data table. Subsequently the data table will be split per supplier and saved in a separate new Excel file, using a specific template as base. A separate template will be used for different delivery types, because more details need to be requested & filled in for suppliers that offer direct delivery, such as the applicable delivery fees.
Processed 'per supplier' files will be saved in a specific folder so that a follow-up script can use these files to actually send the request to the supplier, while including the file as an attachment.

The process is ready for unattended use on a VM using the O365 connector and package. The process will be triggered periodically, depending on how often the master data will be updated and/or a reminder needs to be sent to the supplier.","€40,000.00",,€0.00,document,Live,In Production,Local,08/11/2023,https://cloud.uipath.com/lyrecomanagement/DefaultTenant/automationhub_/automation-profile/bnl-mkt-pricing-data-split,Wouter Herrrygers,"Severine Merlin, Wouter Herrrygers"
POLAND,GIS SAP Support,GRP IS - SAP P2P Flow for GDANSK,"Based on the SAP VIM approval matrix, some approvers are notified by email when there is a PO to be approved. 

Attached email examples :
What user receives on personal o365 mailbox – Please approve the Purchase Order:9990000527 
What is send as reply by approver to shared mailbox (mailpodu1@lyreco.com) - A000001226943 - Approved Purchase Order9990000474 document.

Would it be possible to do the followings : 
1 - Listen actively the inbox of mailpodu1@lyreco.com
2 - Based on the email received, note the sender address (e.g. roel.derhaeg@lyreco.com) and the PO number (e.g. 9990000474)
3 - Log in the relevant SAP Environment (e.g. DU1, SU1, P0x, PER, PRD...) 
4 - Go to ME29N transaction
5 - Fill the PO number
6 - Approve the relevant line


See attached specification for more details.","€84,375.00",2700 Hours Per Year,€0.00,document,Live,In Production,"Local, and maybe Group",08/04/2023,https://cloud.uipath.com/lyrecomanagement/DefaultTenant/automationhub_/automation-profile/sap-p2p-flow-for-gdansk,Damian Balmas,"mathieu lison, Bruno Bastin, Josic Libert, Damian Balmas, Barbara Nobili, Magdalena FRACZKOWSKA"
SWITZERLAND,IT,CH - FIN - CoBu - Posting Payments,,"€18,000.00",,€0.00,document,Live,In Production,Local,08/02/2023,https://cloud.uipath.com/lyrecomanagement/DefaultTenant/automationhub_/automation-profile/ch---fin---cobu---posting-payments,Lukas Meier,Lukas Meier
ITALY,Marketplace,GRP MP - Scraper - Maison du Monde.it,Recovering information on the target sellers for the Lyreco marketplace,€0.00,,€500.00,document,Analysis,Cancelled,Local,07/28/2023,https://cloud.uipath.com/lyrecomanagement/DefaultTenant/automationhub_/automation-profile/grp-mp---scraper---maison-du-monde-italy,Thomas Pruvost,"Thomas Pruvost, mathieu lison, Deleted User"
GROUP,Marketing,GRP MKT - GTIN,"the team are facing a HUGE manual task of needing to upload over 50k, line by line of GTIN codes",,,,document,Analysis,Cancelled,Group,07/28/2023,https://cloud.uipath.com/lyrecomanagement/DefaultTenant/automationhub_/automation-profile/grp-mkt---gtin,Aline BONIN,"Aline BONIN, mathieu lison"
ITALY,Management Team,IT - CS - Order rounding - Reconciliation of Invoices with Customer Orders - Poland Bot V2,"Description

info_outline
Same process as ""PL - CS - Poland Bot V2 - Reconciliation of Invoices with Customer Orders"" Card.

The objective of this process is to check whether the price of the lyreco invoice matches that of the customer. Here are the steps to follow :
1 - You receive the order from the Customer (excel file) with the right prices  2 - SAP Z401 Transaction to generate the invoice  3 - Email received including the invoice from SAP in PDF
4 - Manual comparison total gross value between PDF invoice and Customer excel file. If it is not the same, than step 5.   5 - Invoice PDF is processed with Tabula OCR to generate an excel file 6 - Manual comparison between Customer Excel File and Tabula Excel File
7 – Creation credit note to old invoice   6 - Update (Copy / Paste) of the right prices (Gross Price, only)  7 - New ""reconciliation"" invoice is then generated manually in SAP with one line only (sum of all gross prices modified)  8 - Link between old and new invoice is made on customer id, order number and delivery note id

Expected benefit
1 - 2 FTE

Savings potential
2 - 30 orders per day, around 6 hours a day (depending on nbr of invoices per order and nbr of products per order)​ - Sponsored by Roel Derhag. Installed on existing VM (QUAL environment plugged with APIs & RFCs)
",€0.00,0 Hours Per Year,,document,Qualification,Rejected,"Local, and maybe Group",07/28/2023,https://cloud.uipath.com/lyrecomanagement/DefaultTenant/automationhub_/automation-profile/it---cs---poland-bot-v2---reconciliation-of-invoices-with-customer-orders,Ewa Marta LUSZPIANKO,"Ewa Marta LUSZPIANKO, mathieu lison, Dimitri Degroise"
GROUP,GIS Innovation,GRP IS - Demo Bot,The goal of this automatisation is use each possibilities of UiPath for doing a demo to the business maybe for the townhall IT,,,,document,Idea,Awaiting Review,Group,07/28/2023,https://cloud.uipath.com/lyrecomanagement/DefaultTenant/automationhub_/automation-profile/grp-is---demo-bot,Mickaël Guérardelle,"Laurent Silczak, mathieu lison, Josic Libert, Quentin Chastin, Bruno Bastin, Dimitri Degroise, Julian LEROY, Deleted User, Mickaël Guérardelle"
GROUP,GIS Innovation,GRP IS - Conchita Bot,"The goal of this bot is clean the virtual machine with the automatisation, temp file, one drive garbage, and another folder or file

Clean Hard Drive (in ""properties"")
Activate storage assistant (clear TEMP folder and bin on a regular basis)
Create a log file to know when the last cleaning was made
Create a log file for the Bin
Detect users accounts and identify those which take more storage than others",,,,document,Live,In Production,Group,07/28/2023,https://cloud.uipath.com/lyrecomanagement/DefaultTenant/automationhub_/automation-profile/grp-is---conchita-bot,Mickaël Guérardelle,"Deleted User, mathieu lison, Mickaël Guérardelle"
GROUP,GIS,GRP FIN - SAP VIM - Approval Matrix,Implement changes of Cost Centers into the Approval workflow matrix within SAP VIM on SAP EU,,,,document,Qualification,On Hold,Group,07/28/2023,https://cloud.uipath.com/lyrecomanagement/DefaultTenant/automationhub_/automation-profile/grp-sc---sap-vim---automatisation-matrice-approval---second-party,Barbara Nobili,"mathieu lison, Josic Libert, Damian Balmas, Barbara Nobili"
POLAND,Logistics,POL - SC - Operational report 2,"Every day we enter the data from the ZL37 transaction, we enter the number of boxes from all types of warehouse into the Excel table. An example in the PACKAGES tab Ln 2","€2,250.00",72 Hours Per Year,€0.00,document,Live,In Production,"Local, and maybe Group",07/28/2023,https://cloud.uipath.com/lyrecomanagement/DefaultTenant/automationhub_/automation-profile/pol---sc---operational-report-2,Jacek Imiolek,"Jacek Imiolek, Aline TURPIN"
BENELUX,Logisitics,BNL - REPLEN V2 - Suppliers Purchase Oders - Rebuild of Mass update of delivery Date,"Refacto, Simplification, standardization and optimisation of BNL REPLEN V1 project

Description
Within the context of suppliers management, it’s about automatizing the process related to delivery dates update in SAP.
1 - SUPPLIER EMAIL
2 - PDF ANALYSIS
3 - SAP UPDATE
4 - NOTIFICATIONS AND LOGS

The complete scoping of the project is in the documentation part

Expected benefit
2 hrs a day (150 to 200 orders a day for 5 people in Replenishment Team)

Savings potential
5 Mendays","€75,000.00",,€0.00,document,Live,In Production,Local,07/28/2023,https://cloud.uipath.com/lyrecomanagement/DefaultTenant/automationhub_/automation-profile/bnl---replen-v2---suppliers-purchase-oders---rebuild-of-mass-update-of-delivery-date,Vincent Delhez,"Vincent Delhez, mathieu lison, Julian LEROY, Alexandre FOUCHER"
POLAND,Logistics,POL - SC - operational reports 1,"operational reports 1
Every day, we enter datas from the ZL38 transaction, we enter warehouse lines from all types of warehouse into the Excel table. An example in the WAREHOUSE LINES tab Ln 1
More information required from Jacek and Krzysztof","€2,250.00",72 Hours Per Year,€0.00,document,Live,In Production,Local,07/28/2023,https://cloud.uipath.com/lyrecomanagement/DefaultTenant/automationhub_/automation-profile/pol---sc---operational-reports-1,Jacek Imiolek,"Jacek Imiolek, Aline TURPIN, Julian LEROY"
POLAND,Logistics,POL - SC - Operational report 3,"Automatased way o making following raports: transaction ZL015015 we need in automatic way: customer data, delivery documents, number of packages, weight. The same for \the amount of returns from transaction ZL41. The same for datas from warehouse 125 from transaction ZL015017 (full pallets) remaining boxes that we print from transaction ZL011095 Ln 5.","€5,250.00",168 Hours Per Year,€0.00,document,Assessment,Rejected,"Local, and maybe Group",07/28/2023,https://cloud.uipath.com/lyrecomanagement/DefaultTenant/automationhub_/automation-profile/pl-sc---operational-report-3,Jacek Imiolek,"Jacek Imiolek, mathieu lison"
POLAND,IT,"POL - SC - Module ""automatic shelves""","Modul ""automatic shelves""
Proposal to have an automatic comparatif between the stock in the modul ""automatic shelves"" and the SAP system. Swiss has such solution
Will increase the quality of stocks and quality of orders prepared for our clients
More information required from Jacek, Stefan and Krzysztof",€937.50,30 Hours Per Year,€0.00,document,Qualification,Rejected,Local,07/28/2023,https://cloud.uipath.com/lyrecomanagement/DefaultTenant/automationhub_/automation-profile/pol---sc---module-automatic-shelves,Krzysztof Szewczyk,"mathieu lison, Aline TURPIN, Krzysztof Szewczyk, Grzegorz BORKOWSKI"
GROUP,IS,Converse Bot,"Create bot for the conversion file in PDF or another format of document for the limited use of deepl or another translate application.
the goal of this bot is level up the security for limited the sensitive document in the browser application",,,,document,Live,In Production,Group,07/28/2023,https://cloud.uipath.com/lyrecomanagement/DefaultTenant/automationhub_/automation-profile/converse-bot,Clement Pardoux,"Clement Pardoux, mathieu lison"
POLAND,FINANCE,"POL - FIN - Generating a turnover report from SAP, including exclusions of specific products","Generating a turnover report from SAP, including exclusions of specific products in a specific period.
Currently, report 26 (generated via SAP) is used to collect data on the net turnover realized on excluded products (e.g. paper, water, health and safety)
Faster calculation of the cash bonus.
More information required from Sylwia and Krzysztof.",,,,document,Assessment,On Hold,Local,07/28/2023,https://cloud.uipath.com/lyrecomanagement/DefaultTenant/automationhub_/automation-profile/pol---fin---generating-a-turnover-report-from-sap-including-exclusions-of-specific-products,Sylwia Dabrowska,"Sylwia Dabrowska, mathieu lison, Krzysztof Szewczyk"
POLAND,FINANCE,POL - FIN - Automatic information on whether a invoice was paid on time.,"Automatic information on whether a invoice was paid on time.
With each calculation, to calculate the bonus, it is necessary to manually verify whether the customer has paid the invoice on time. Depending on the number of invoices, the more the more time it takes.
Faster calculation of the cash bonus.
More information required from Sylwia and Krzysztof.",,,,document,Assessment,On Hold,Local,07/28/2023,https://cloud.uipath.com/lyrecomanagement/DefaultTenant/automationhub_/automation-profile/pol---fin---automatic-information-on-whether-a-invoice-was-paid-on-time-,Sylwia Dabrowska,"Sylwia Dabrowska, mathieu lison, Krzysztof Szewczyk"
POLAND,FINANCE,POL - FIN - Possibility of choosing NBS clients,"Possibility of choosing NBS clients.
In the reports, it is not possible to identify customers who buy only in NBS.
During transfer customers to debt collection is need manual verification if it is NBS customer or no,  the same about verification of orders on vkm1.
Quick verification of the sales department.
More information required from Sylwia and Krzysztof",,,,document,Assessment,On Hold,Local,07/28/2023,https://cloud.uipath.com/lyrecomanagement/DefaultTenant/automationhub_/automation-profile/pol---fin---possibility-of-choosing-nbs-clients,Sylwia Dabrowska,"Sylwia Dabrowska, mathieu lison, Krzysztof Szewczyk"
POLAND,FINANCE,POL - FIN - FEBA (accounting payments) - Setting additional invoice number formats for an invoice,"FEBA (accounting payments) - setting an additional invoice number format for an invoice in excel, e.g. 317FA/S/23 (currently there are only 256…)
Payments for excel invoices are not booked automatically, each such transfer must be booked manually
Transfers that have the same amount, account number and invoice number are automatically booked in FEBE. Unfortunately, it only considers SAP invoices.
More information required from Sylwia and Krzysztof",,,,document,Assessment,On Hold,Local,07/28/2023,https://cloud.uipath.com/lyrecomanagement/DefaultTenant/automationhub_/automation-profile/pol---fin---feba--accounting-payments----setting-additional-invoice-number-formats-for-an-invoice,Sylwia Dabrowska,"Sylwia Dabrowska, mathieu lison, Krzysztof Szewczyk"
POLAND,FINANCE,POL - FIN -Possibility to upload an e-card report (online payment) to SAP in the same way as payment,"Possibility to upload an e-card report (online payments/paybylink) to SAP in the same way as payments to feby.
The need to  manually book online/paybylink payments every day. No possibility to check all booked transactions, e.g. in a month, no possibility of quick analysis in SAP.
Every day, we manually book all payments made online/paybylink, while transfer payments are largely automatically booked by FEBA.
More information required from Sylwia and Krzysztof
",,,,document,Assessment,On Hold,Local,07/28/2023,https://cloud.uipath.com/lyrecomanagement/DefaultTenant/automationhub_/automation-profile/pol---fin--possibility-to-upload-an-e-card-report--online-payment--to-sap-in-the-same-way-as-payment,Sylwia Dabrowska,"Sylwia Dabrowska, mathieu lison, Krzysztof Szewczyk"
POLAND,FINANCE,POL - FIN - Automated reports from SAP after posting the bank statement,"Automated reports from SAP, received by e-mail in excel file on a daily basis at around 12 o'clock (after posting the bank statement). 
Mention reports concern:
1) Ageing report (named ZFDOPR10 in SAP and in a specific excel format) including current balances of all our customers with balances different than 0
2) FBL5N transaction including all customers present in  ZFDOPR10
Data from these two reports is needed to provide Sales Representatives with the current outstanding balance and open positions on their Clients' accounts on a daily basis via NIP-er.
Time saving, reports visible to all interested parties -> it takes about 40 minutes to generate both reports every day
More information required from Sylwia and Krzysztof","€21,000.00",672 Hours Per Year,€0.00,document,Qualification,On Hold,Local,07/28/2023,https://cloud.uipath.com/lyrecomanagement/DefaultTenant/automationhub_/automation-profile/pol---fin---automated-reports-from-sap-after-posting-the-bank-statement,Sylwia Dabrowska,"mathieu lison, Sylwia Dabrowska, Robert SADZIK, Aline TURPIN"
GROUP,Customer Experience,GRP IS - Webshop - Automate non-regression testing,Define the process,,,,document,Assessment,Postponed,Group,07/27/2023,https://cloud.uipath.com/lyrecomanagement/DefaultTenant/automationhub_/automation-profile/grp-is---webshop---automate-non-regression-testing,Olivier Gaudin,"Olivier Gaudin, mathieu lison, Aline TURPIN, Alexandre MALOR"
GROUP,Logistics,GRP SC - SSl & Penalities calculation,Group Supply-Chain management of SSL & Penalties Calculation,"€20,062.50",642 Hours Per Year,€0.00,document,Live,In Production,Group,07/27/2023,https://cloud.uipath.com/lyrecomanagement/DefaultTenant/automationhub_/automation-profile/grpscsslpenalitiescalculation,Vincent Furic,"Valerie PASTEAU, mathieu lison, Vincent Furic, Dimitri Degroise"
GROUP,Logistics,GRP SC - Grouping of data for the calculation of penalities ,"The principle is to create an Excel file as a ""Database"" to bring together the KeyPIs of each Group supplier and their Subsidiaries.
The goal is to have a summary of the data that have already been sent to suppliers and to add data from future extractions.
The purpose of the Excel file is to have an annual summary of the Keypi group suppliers",,,,document,Live,In Production,Group,07/27/2023,https://cloud.uipath.com/lyrecomanagement/DefaultTenant/automationhub_/automation-profile/grp-sc---grouping-of-data-for-the-calculation-of-penalities-,Valerie PASTEAU,"Valerie PASTEAU, mathieu lison, Dimitri Degroise"
NORWAY,IS,NO - SC - Supply Chain Automation,"More information required from Dennis.

It's about collecting raw data from Bring and Schenker websites and consolidate them into a dedicated PowerBI report. This by using an Azure SQL database instead of manual excel files.",,,,document,Assessment,Archived,Local,07/27/2023,https://cloud.uipath.com/lyrecomanagement/DefaultTenant/automationhub_/automation-profile/no---sc---supply-chain-automation,Paul Dennis Solberg,"Paul Dennis Solberg, mathieu lison"
GROUP,,GRP SC - ORDER API - Simplify returns and customer mitigation,Define the process,,,,document,Analysis,Cancelled,Group,07/27/2023,https://cloud.uipath.com/lyrecomanagement/DefaultTenant/automationhub_/automation-profile/grp-sc---order-api---simplify-returns-ans-customer-mitigation,Deleted User,"mathieu lison, Deleted User"
IBERIA,Finance,IBERIA - FIN - CFAC for Iberia,"Need more information from Alicia
Same process than CFAC France ? To be checked.",,,,document,Assessment,Not Started,"Local, and maybe Group",07/27/2023,https://cloud.uipath.com/lyrecomanagement/DefaultTenant/automationhub_/automation-profile/iberia---fin---cfac-for-iberia,Alicia GONZALEZ AMOR,"Alicia GONZALEZ AMOR, mathieu lison"
GROUP,Management Team,GRP CS - EDI Customers orders rejection in RIO ,,"€630,000.00",,€0.00,document,Qualification,Archived,Group,07/27/2023,https://cloud.uipath.com/lyrecomanagement/DefaultTenant/automationhub_/automation-profile/grp-cs---edi-customers-orders-rejection-in-rio-,Ewa Marta LUSZPIANKO,"Ewa Marta LUSZPIANKO, mathieu lison, Olaf Dubbert, Sinan ADIYAMAN, Luca Farina, martin loemker, Simon Bury, Adam FARRINGTON, Cecilia Plata Maresca, Quentin Chastin, Dave Wilton, Stefania Origoni, Richard Smallman"
IBERIA,Finance,IBERIA - FIN - Checking PDF invoices,"Checking PDF invoices -> 2h => 300 Mails - 10 men Days + OCR (Provider and Suppliers)
Need more information from Alicia",,,,document,Assessment,In Progress,Local,07/27/2023,https://cloud.uipath.com/lyrecomanagement/DefaultTenant/automationhub_/automation-profile/iberia---fin---checking-pdf-invoices,Alicia GONZALEZ AMOR,"Alicia GONZALEZ AMOR, mathieu lison"
FRANCE,Customer Experience,FR - ECOM - Setting up EDI customer accounts in SAP,Need more information from Olivier,,,,document,Assessment,Archived,"Local, and maybe Group",07/27/2023,https://cloud.uipath.com/lyrecomanagement/DefaultTenant/automationhub_/automation-profile/fr---ecom---setting-up-edi-customer-accounts-in-sap,Olivier Gaudin,"Olivier Gaudin, mathieu lison, Jean SION, Aline TURPIN"
FRANCE,,GRP CS - Automatic account creation USFA,"As soon as the customer is created within SAP, an email is sent to the customer care team.
The CS goes into the mailbox, collect the customer number and the VAT number.
They connect themselves to a specific database.
They input the VAT number to apply the credit check.
If the credit check are ok, CS changes the settings of the customer.
If the credit check are ko, an email is transferred to the credit department to have a deeper control.",,,,document,Solution Design,Cancelled,Group,07/27/2023,https://cloud.uipath.com/lyrecomanagement/DefaultTenant/automationhub_/automation-profile/grp-cs---automatic-account-creation-usfa,Deleted User,"mathieu lison, Deleted User"
BENELUX,Customer Service,BNL - SC - Teleworking Purchase budget,Need more information from Sabine,,,,document,Assessment,Archived,Local,07/27/2023,https://cloud.uipath.com/lyrecomanagement/DefaultTenant/automationhub_/automation-profile/bnl---sc---teleworking-purchase-budget,Sabine Reusch,"Sabine Reusch, mathieu lison"
ITALY,Marketplace,GRP MP - Scraper LeroyMerlin.it,"scraper for marketplace BD's, they want find the seller with sustainable category product ",€0.00,,€500.00,document,Assessment,Archived,Local,07/27/2023,https://cloud.uipath.com/lyrecomanagement/DefaultTenant/automationhub_/automation-profile/grp-mp---scraper-rscomponents-it,Thomas Pruvost,"Thomas Pruvost, mathieu lison, Josic Libert"
BENELUX,Customer Service,BNL - SC - Posting customer invoice external customer portal,Need more information from Sabine,,,,document,Qualification,Rejected,Local,07/27/2023,https://cloud.uipath.com/lyrecomanagement/DefaultTenant/automationhub_/automation-profile/posting-customer-invoice-external-customer-portal,Sabine Reusch,"Sabine Reusch, mathieu lison"
GERMANY,IT,GER - CC - Delisting Article Aternative List,"The product range by Lyreco is based on customer needs. Due to market trends the status of products have to be changed dynamically. The products with a low sales rate must be delist from the webshop. Delisted articles can not be ordered by customers. 

There are many status for products. In this case we focus on status 98 and 99. Status 99 includes the products which have to be delisted from webshop. Ideally it should be delisted immediately, but the reference of the amount of the stock items is important. As soon as the stock item amount is NULL than the status 99 will change into status 98 what means that the product is delisted from the webshop.

It is important to link an alternative product for the delisted product. Therefore SAP make possible to refer a productnumber of an alternative product. 

The objective is to reduce the backorder rate. In addition the cancel rate of order will be reduced. ","€18,000.00",576 Hours Per Year,€0.00,document,Live,In Production,Local,07/17/2023,https://cloud.uipath.com/lyrecomanagement/DefaultTenant/automationhub_/automation-profile/ger---delist-article,Sinan Adiyaman,Sinan Adiyaman
FRANCE,Marketing,FR - MKT - UPDATE PURCHASE PRICE,Update purchasing pricing information in SAP,"€81,375.00",2604 Hours Per Year,€0.00,,Qualification,Rejected,"Local, and maybe Group",07/10/2023,https://cloud.uipath.com/lyrecomanagement/DefaultTenant/automationhub_/automation-profile/fr---mkt---update-purchase-price,Delphine Lorthioir,"mathieu lison, Delphine Lorthioir, Florine Tison"
BENELUX,IT,BNL - FI - Marketing Funds,"Request from the local Finance (Accounting) department in Benelux.

The request entails keying in invoices in SAP transaction 'FB01' and sending duplicates using SAP transaction 'ZV031022'.
Our local Finance department, more specifically the Accounting team, generates invoices for Marketing funds by keying in the invoice details in SAP transaction 'FB01'. This process needs to be repeated on a 'per invoice' level basis, which generates a lot of manual repetitive workload. Once all invoices have been keyed in, a duplicate needs to be sent to the local colleagues. This is done using the 'ZV031022' transaction. Previously this entire process was done manually, but a request was made to create an RPA-enhanced solution for it.

The UiPath workflow will read an Excel file that contains all the data that is relevant to keying in the invoice details in the 'FB01' transaction. The data is saved in a virtual data table before moving to the SAP transaction. The invoice details are keyed in SAP, and the result of the invoice will be saved in the virtual data table as well. Once all invoices have been processed, the results will be exported to the Excel file again, which will be re-uploaded to Sharepoint.
Afterwards a duplicate of each processed invoice will be sent to the local FI colleagues, using the 'ZV031022' SAP transaction.

The process is ready for unattended use on a VM using the O365 connector and package. The process will be triggered weekly or twice per month.","€16,875.00",,€0.00,,Live,In Production,"Local, and maybe Group",06/30/2023,https://cloud.uipath.com/lyrecomanagement/DefaultTenant/automationhub_/automation-profile/bnl-fi-marketing-funds,Wouter Herrrygers,Wouter Herrrygers
BENELUX,IT,BNL - MKT - BEP Data Split,"Request from the local Products & Services (Marketing) department in Benelux.

The request entails splitting consolidated data on a 'per supplier basis' and contacting the supplier to complete their file.
On a periodical basis our colleagues from Group Marketing will send our local Marketing department a list of suppliers that need to send a credit note for specific rebates in the back-end program (BEP). These files need to be split up per supplier so that the supplier can be sent a file that only contains the lines that are relevant to their rebates. This used to be a fully manual process, but the request was made to automate this using an RPA-enhanced solution.

The UiPath workflow will read the consolidated Excel file that has been saved in a specific Sharepoint folder and store all the lines in a virtual data table. Subsequently the data table will be split per supplier and saved in a separate new Excel file, using a specific template as base. Processed 'per supplier' files will be saved in a specific folder so that a follow-up script can use these files to actually send the request to the supplier, while including the file as an attachment.

The process is ready for unattended use on a VM using the O365 connector and package. The process will be triggered periodically, depending on the frequency at which our local MKT department will receive a new batch file from Group.","€25,312.50",,€0.00,,Live,In Production,Local,06/30/2023,https://cloud.uipath.com/lyrecomanagement/DefaultTenant/automationhub_/automation-profile/bnl-mkt-bep-data-split,Wouter Herrrygers,"Jorien Peeters, Wouter Herrrygers"
BENELUX,IT,BNL - MKT - GTIN Data Merge,"Request from the local Products & Services (Marketing) department in Benelux.
The request entails the consolidation of data that is being sent by suppliers. On a 'per subsidiary' basis, all the suppliers of Lyreco have been contacted to send information regarding missing/inaccurate GTIN/EAN codes. The supplier has received a request with an Excel file that is tailored to them based on their aticles that are currently in our assortment.
A large amount of files are received by the local marketing department, which need to be consolidated.
Rather than doing this manually, a request was made for a (relatively small) RPA solution that would cover this need automatically.

The UiPath workflow will read all Excel files that have been received in a specific Sharepoint folder and store all the lines in a virtual data table. Subsequently the full data table will be appended to the consolidated file, so that the consolidated file always contains all the received information, without users having to manually complete it. Processed files will be saved in a separate folder and the processing date will also be noted on a line level basis in the main file. Doing this, it will be easy to find out which lines correspond to which file per supplier.

The process is ready for unattended use on a VM using the O365 connector and package. The process runs once per day using a scheduled trigger in the UiPath Orchestrator environment.","€18,750.00",,€0.00,,Live,In Production,"Local, and maybe Group",06/30/2023,https://cloud.uipath.com/lyrecomanagement/DefaultTenant/automationhub_/automation-profile/bnl-gtin-data-merge,Wouter Herrrygers,"Jorien Peeters, Wouter Herrrygers"
FRANCE,IS,Bouton SST,"We have connected buttons (22) throughout the building.
The feed is used to alert the SSTs if the button is clicked.","€2,250.00",,€0.00,,Qualification,Rejected,"Local, and maybe Group",06/29/2023,https://cloud.uipath.com/lyrecomanagement/DefaultTenant/automationhub_/automation-profile/bouton-sst,Baptiste DHAUSSY,Baptiste DHAUSSY
WISE,WYZE,WISE - IS - SAP Password Reset,"Looking at creating an automated SAP Password BOT.

This is to help out of hours, for our NDC and in early morning for Customer Services or even for weekend overtimers.

As we now have SAP Accounts and one of the them being WISEGISIBOT (the IS one) we can get this bot to log in and reset the password.

Password - Looking at two lists of random words and putting them together with a number at the end e.g Sunglasses-cup-23
(The number of possibilities for a password generator to make a password from 2 piles of 100 words is 1.606938e+60 which is equivalent to 1606938044258990275541962092341162602522202993782792835301376. - From Bing AI)

Authorisation - Would be a Microsoft form that is filled in and trigger the SAP Password reset. The username will come from the form and also approval automatically as it has come from their account.

This would also email ServiceDesk on changes as well for Auditing purposes. This is to give a better customer services to our end users.","€37,500.00",1200 Hours Per Year,€0.00,,Live,In Production,"Local, and maybe Group",06/16/2023,https://cloud.uipath.com/lyrecomanagement/DefaultTenant/automationhub_/automation-profile/wise---is---sap-password-reset,John Davies,John Davies
GERMANY,IT,GER - SAL - Daily Offer Booking ,"Sales department sets via offer tool daily offer prices for specific customer. The offer is valid for a certain period of time. In addition the objective is to reach more sales volume. Attractive prices provide an incentive for a purchase. Moreover there will be even less price differences that must be control from products & services. 

The prices are maintained in SAP. ","€24,000.00",768 Hours Per Year,€0.00,,Live,In Production,Local,06/09/2023,https://cloud.uipath.com/lyrecomanagement/DefaultTenant/automationhub_/automation-profile/ger---daily-offer-with-vk11-in-sap,Sinan Adiyaman,"Sinan Adiyaman, Reiner FRITSCH"
BENELUX,IT,BNL - MKT - ISF DataQuality Split,"Oneshot request from the local Products & Services (Marketing) department in Benelux.
Specifically for the customers who order products from the 'Industrial' main category a ""Data quality historical clean up"" will be done. A consolidated file was created but this needs to be split up for roughly 2K customers.

Previously this was done using an Excel based VB macro, but this no longer serves its purpose. Instead a request was made for a oneshot RPA-enhanced solution, which has been developed in the UiPath Studio environment.

The UiPath workflow will read the consolidated Excel file and store all the lines in a virtual data table. Subsequently the table will be filtered per responsible PPE Account manager so that a folder can be created per responsible account manager in a designated Sharepoint environment. Afterwards for each unique account manager a separate file will be created per unique customer. This will be done in the folder that was specifically created for this account manager in the previous steps.
Doing this the result will be a dedicated subfolder per unique responsible account manager, containing a separate file for each of their unique customers.

The process is ready for unattended use on a VM using the O365 connector and package. The process will be used for a One Shot request in the beginning of June 2023.",€0.00,,€0.00,,Live,In Production,Local,06/02/2023,https://cloud.uipath.com/lyrecomanagement/DefaultTenant/automationhub_/automation-profile/bnl-isf-dataquality-split,Wouter Herrrygers,Wouter Herrrygers
BENELUX,IT,BNL - MKT/Supply Blocked Invoices Prepare Workfile [BI2.0],"On a weekly basis the Demand & Supply team generates a SAP report containing all the invoices that are currently blocked for payment due to one or multiple lines with a price difference between the invoiced price and the info record price in our SAP system.
Previously, one colleague from the local Marketing department would use an Excel macro and multiple SAP transactions (ZL59 / ZM60 / etc.) to gather relevant information related to these lines with a price block. This information would be added to the Excel file and transformed into a version that is considered 'ready for treatment' for the Marketing Officers and Product Managers, who complete the file to indicate whether a line can be released or not.

On a weekly basis this process amounts to three hours of manual workload for one person. This can vary depending on the amount of lines present in the file, and the amount of data that is missing in the SAP exports.

The automation that was created for this process does not use any of the previously mentioned SAP transactions. Instead, it will gather all the required information in the SE16 Data table transaction. The script will access multiple tables for different purposes, such as:
RBKP - Invoice Header data
EKKO - Purchase Order data
EKPO - Purchase Line data
MARA - Product Hierarchy
T179 - Product Section description
EINE - Responsible Purchasing Group
T024 - Purchasing Group Description
MBEW - Info Record Price
After gathering this data in SAP, the results will be exported to the Excel file and properly formatted so that the end result is ""ready for processing"" by the local Marketing colleagues.

The process is ready for Unattended use on a VM, and is currently live.","€5,625.00",,€0.00,,Live,In Production,Local,06/02/2023,https://cloud.uipath.com/lyrecomanagement/DefaultTenant/automationhub_/automation-profile/bnlmktsupplyblockedinvoicesprepareworkfilebi20,Wouter Herrrygers,"Jorien Peeters, Wouter Herrrygers"
GROUP,Customer Service,GRP - CS - Back Order Management - PILOT COUNTRIES,"Extract BOs (Existing & New) from SAP, Analysis of the non-delivered products and communication to the customers
Pilot countries : Italy, Denmark, Benelux, CASH","€603,750.00",19320 Hours Per Year,€0.00,"UiPath - Lyreco - BackOrder - SDD -EN.docx,PCSO012 - Back order Management - Operational Procedures - 20160607.docx",Live,In Production,Group,06/02/2023,https://cloud.uipath.com/lyrecomanagement/DefaultTenant/automationhub_/automation-profile/grp---cs---back-order-managment-by-professionnal-services-uipath,Cecilia Plata Maresca,"Cecilia Plata Maresca, mathieu lison, Quentin Chastin"
WISE,WYZE,WISE  - QSS -  COSHH Split Documents,"This is a PDF Splitter automation for QSS.
Splits down a full PDF documentation to 2-3 page PDF and rename.

This process is a lot quicker to do then have to do manually as there is between 50-900 Products to make into SDS (Safety Data Sheets) files.",,,,,Development,In Progress,"Local, and maybe Group",05/09/2023,https://cloud.uipath.com/lyrecomanagement/DefaultTenant/automationhub_/automation-profile/wise-is---coshh-split-documents,John Davies,John Davies
ITALY,IT,ITA - Paniere Ebf - MKTG,"Generate an Excel file called ""Basket"" containing the information for the production of the seasonal promotional flyer. This information (such as the product code) will be typed into another Excel file by the user. The robot will have to read this last excel list and search from various sources (SAP, Bing, Excel) for other information to complete the record.",,,,VOLANTINI.xlsm,Assessment,Archived,Local,05/08/2023,https://cloud.uipath.com/lyrecomanagement/DefaultTenant/automationhub_/automation-profile/ita---paniere-ebf---mktg,Carlo Milia,"Luca Farina, Carlo Milia"
ITALY,Marketplace,GRP MP - Scraper - RS Components,Recovering information on the target sellers for the Lyreco marketplace,€0.00,,€500.00,Template retailer scraping.xlsx,Live,Decommissioned,Local,04/18/2023,https://cloud.uipath.com/lyrecomanagement/DefaultTenant/automationhub_/automation-profile/grp-mp---scraper---rs-components,Thomas Pruvost,"Thomas Pruvost, mathieu lison, Deleted User"
ITALY,IS,ITA - Prezzi SPOT (Spot Pricing) Customer service,"The robot will receive the information passed through windows form.
These include the seller's request to change the prices of a particular order number. The robot will have to change the price of the item in SAP and send a confirmation email to the requester.","€3,750.00",120 Hours Per Year,€0.00,RPA Prezzi spot v 05042023.pdf,Live,In Production,"Local, and maybe Group",04/17/2023,https://cloud.uipath.com/lyrecomanagement/DefaultTenant/automationhub_/automation-profile/prezzi-spot--spot-pricing--customer-service,Luca Farina,"Cecilia Plata Maresca, Luca Farina, Carlo Milia"
Other,QUALITY,GRP - DP - Checklist for New Data Processing,"Provides a template for all Product Owner to support them when implementing a new processing to be compliant with data privacy regulations.
It allows :
- People to ask the right question & identify all activities to perform
- It generate all the data for Compliance teams to populate its mandatory registry and limit the needed time to make legal documentation.
Support Process Owner + Automatize Compliance Process
","€84,375.00",2700 Hours Per Year,€0.00,New process.png,Testing,On Hold,Group,04/14/2023,https://cloud.uipath.com/lyrecomanagement/DefaultTenant/automationhub_/automation-profile/grp---dp---checklist-for-new-data-processing,Laurent Dussart,"Laurent Dussart, mathieu lison"
GERMANY,IT,GER - FIN - Supplier Invoice Automation ,"The supplier planning department has the process regarding booking invoices with the SAP transaction MIRO. In the future, the finance department will take over the process. 

The invoices come as pdf-files within many positions, which should carried out in SAP. The necessary data are included in pdf-file for example the order number, invoice date, invoice number, total price and etc.

An avarage of 15K - 25K bills come in every year. The data & digital team in Lyreco DE provides modern database and Ai technologies to make a possible solution. ","€7,500.00",240 Hours Per Year,€0.00,,Live,In Production,Group,04/06/2023,https://cloud.uipath.com/lyrecomanagement/DefaultTenant/automationhub_/automation-profile/ger---supplier-invoice-automation-miro,Sinan Adiyaman,Sinan Adiyaman
BENELUX,Logisitics,BNL-Automatic update of database for BO Flow,"There is an existing Forms&Flow where Sales & CS can request an information about delivery date of a product.
They just put the article number + qty + comment, then via a database extra information is added so that Planner also have extra info such as product description, MRP,...
Extract from SAP & update of this database is manual.
I would need to automatize the extraction & update of this database two time /week

https://cloud.uipath.com/lyrecomanagement/DefaultTenant/taskmining_/app/projects/tc/7d11253f-0056-ee11-9937-002248820106","€1,312.50",42 Hours Per Year,€0.00,,Development,Cancelled,Local,04/06/2023,https://cloud.uipath.com/lyrecomanagement/DefaultTenant/automationhub_/automation-profile/bnl-automatic-update-of-database-for-bo-flow,Vincent Delhez,"Vincent Delhez, mathieu lison, Yaser Uddin, Aline TURPIN, Alexandre FOUCHER, Quentin Chastin"
FRANCE,Human Ressources,FR - HR - Individual monthly statement of account,Confidential,"€43,218.75",,€0.00,,Live,In Production,"Local, and maybe Group",04/04/2023,https://cloud.uipath.com/lyrecomanagement/DefaultTenant/automationhub_/automation-profile/fr---hr---jeff-,Josephine Donckele,"Josephine Donckele, mathieu lison, Josic Libert"
FRANCE,GIS Innovation,GRP IS - Translate4me,"Create an automatic translation service by email.

I send an email to bot-translate@lyreco.com in French with PDF or DOC attachments.

First line of my mail I pass 2 parameters example :
To: laurent@lyreco.com;benoit@lyreco.com;mathieu@lyreco.com
Lang: FR,NL,EN

And after a space my corp email :

Hello, 

Bla bla bla ...

Thanks
Mickael G
---

that's it
1-The robot will add the 3 translations in the body of the email after the French.
2-Add 3 new attachments (.doc or .pdf) fully translated in the 3 languages.
3-Send the result directly to the recipients in my name (with my email address)",€0.00,,€0.00,,Solution Design,Archived,"Local, and maybe Group",03/29/2023,https://cloud.uipath.com/lyrecomanagement/DefaultTenant/automationhub_/automation-profile/translate4me,Mickaël Guérardelle,"Mickaël Guérardelle, mathieu lison, Josic Libert, Bruno Bastin, Clement Pardoux"
BENELUX,IT,BNL - Supply - Release of Blocked invoice lines w/ Quantity discrepancies,"On a periodic basis our local Demand & Supply team extracts a report from SAP containing a list of invoice lines which are currently blocked for payment in our SAP environment due to a discrepancy between the quantity on the invoice and the quantity of said purchase order line in our SAP environment.

These lines need to be checked and subsequently released in the SAP transaction 'MRBR' on a line level basis by a local Demand & Supply colleague if it is deemed ""clear for release"". Each separate line needs to be selected by specifying the correct SAP document number, the purchase order number, and the line number. The 'Quantity block' cell in the SAP table needs to be selected, the blocking reason needs to be released and the save button needs to be pressed. These actions need to be repeated for every single line that is marked ""clear for release"".

Due to the highly repetitive nature of these actions, this process presents an interesting opportunity for an automated solution. The current build of the 'Blocked Invoices Release MRBRQ' Workflow was created in UiPath Studio. The workflow will use the Excel file containing the lines marked ""clear for release"" as source and create a data table to be used in the subsequent steps. The line details will be keyed in the MRBR transaction and the line in question will be requested. If a match was found in SAP for the line details in the XLSX file, the line will be released. If for whatever reason a match was not found in the SAP environment, a warning message will get returned.

Each action well get repeated for every line that was marked ""clear for release"".
Lines that have been released will be logged in a separate tab of the file, leaving the unprocessed lines for further checks or the next batch.","€7,500.00",,€0.00,,Live,In Production,"Local, and maybe Group",03/28/2023,https://cloud.uipath.com/lyrecomanagement/DefaultTenant/automationhub_/automation-profile/bnl---supply---release-of-blocked-invoice-lines-w-quantity-discrepancies,Wouter Herrrygers,Wouter Herrrygers
BENELUX,IT,BNL - Supply/MKT - Release of Blocked invoice lines w/ Price discrepancies,"On a weekly basis our local Marketing team gets sent an Excel file, which is extracted from SAP, containing a list of invoice lines which are currently blocked for payment in our SAP environment due to a discrepancy between the price on the invoice and the price of said purchase order line in our SAP environment.

The Marketing Team needs to analyze this list and specify which lines are cleared for payment, locally described as ""Bon à payer, BAP"". These 'BAP' lines need to be released in the SAP transaction 'MRBR' on a line level basis by a local Demand & Supply colleague. Each separate line needs to be selected by specifying the correct SAP document number, the purchase order number, and the line number. The 'Price block' cell in the SAP table needs to be selected, the blocking reason needs to be released and the save button needs to be pressed. These actions need to be repeated for every single line that is marked ""clear for payment"".

Due to the highly repetitive nature of these actions, this process presents an interesting opportunity for an automated solution. The current build of the 'Blocked Invoices Release BAP lines MRBR' workflow was created in UiPath Studio. The workflow will use the Excel file that is completed by the MKT colleagues as source and create a data table to be used in the subsequent steps. The line details will be keyed in the MRBR transaction and the line in question will be requested. If a match was found in SAP for the line details in the XLSX file, the line will be released. If for whatever reason a match was not found in the SAP environment, a warning message will get returned.
Each action well get repeated for every line that was marked ""clear for payment"".

Lines that have been released will be logged in a separate tab of the file, leaving the unprocessed lines for further checks or the next batch.","€7,500.00",,€0.00,,Live,In Production,"Local, and maybe Group",03/28/2023,https://cloud.uipath.com/lyrecomanagement/DefaultTenant/automationhub_/automation-profile/bnl---supplymkt---release-of-blocked-invoice-lines-w-price-discrepancies,Wouter Herrrygers,Wouter Herrrygers
BENELUX,IT,BNL - Supply - Supplier Invoicing - MIRO Actions,"Our Demand & Supply Planning Team gets a large amount of invoices from suppliers on a daily basis.
On a yearly basis receive over 35.000 invoices from our suppliers. Usually these are sent as .PDF
attachments of an E-mail. The majority of these invoices are processed by colleagues from the
Demand & Supply Planning Team. In very exceptional cases, invoices are processed as .XML file
using an EDI connection. In all other cases the processing of the received invoice consists of a series
of manual actions.

Processing the received supplier invoices consists of a series of actions that are carried out in our SAP
environment. Excluding exceptional cases, a lot of these actions can be seen as repetitive and of little
added value. Regardless, these actions need to be carried out continuously and with great care given
the impact of this process. Given the repetitive nature of some of these actions, there is little added
value to gain from doing them manually. This creates a major opportunity for improvement through
standardization and the implementation of automation solutions.

The goal of this project is to standardize and automate the supplier invoicing process for as many suppliers as possible.
We try to achieve this using technology and software from different fields of discipline. Invoices that are received from suppliers in the scope of our project will get automatically forwarded to a specific folder that is being monitored by our OCR software Abbyy FlexiCapture Studio 12. New files automatically get examined by our OCR software and all the details important for the invoicing process are stored in an .XLS database. The extracted results are keyed in automatically using an RPA-enhanced process created in the UiPath Studio environment.
Manual treatment is only required for exceptions.

After all preliminary checks have been carried out, the remaining validated lines in the .XLSX file are
cleared for further processing in SAP. The actual keying in of the invoice details happens in the MIRO
transaction of our SAP environment. 

For each invoice that needs to be processed a data table will be generated from the details present in the
database. Once all lines from a specific invoice/purchase order have been generated in the previously
mentioned data table, the first actions in the SAP transaction are carried out.
First, the workflow fills in all invoice specific details. Before being able to move on to line specific details, the workflow might have to deal with a couple of pop-ups and other menus. 
For example: if the purchase order was a direct delivery, an extra context menu will pop up for this
specific purpose. The UiPath workflow needs to be capable to handle all sorts of possible exceptions that might be the case for the invoice it is currently processing.

An extensive exception handling has been added to the workflow in order to deal with all possible
exceptions we are currently aware of. This is subject to change as we expand the scope of the project.
We will keep on training the workflow to be able to handle all future exceptions as well.","€146,250.00",4680 Hours Per Year,€0.00,,Live,In Production,"Local, and maybe Group",03/28/2023,https://cloud.uipath.com/lyrecomanagement/DefaultTenant/automationhub_/automation-profile/bnl---supply---supplier-invoicing---miro-actions,Wouter Herrrygers,Wouter Herrrygers
BENELUX,IT,BNL - Supply - Supplier Invoicing - Preliminary Checks,"Our Demand & Supply Planning Team gets a large amount of invoices from suppliers on a daily basis.
On a yearly basis receive over 20.000 invoices from our suppliers. Usually these are sent as .PDF
attachments of an E-mail. The majority of these invoices are processed by colleagues from the
Demand & Supply Planning Team. In very exceptional cases, invoices are processed as .XML file
using an EDI connection. In all other cases the processing of the received invoice consists of a series
of manual actions.

Processing the received supplier invoices consists of a series of actions that are carried out in our SAP
environment. Excluding exceptional cases, a lot of these actions can be seen as repetitive and of little
added value. Regardless, these actions need to be carried out continuously and with great care given
the impact of this process. Given the repetitive nature of some of these actions, there is little added
value to gain from doing them manually. This creates a major opportunity for improvement through
standardization and the implementation of automation solutions.

The goal of this project is to standardize and automate the supplier invoicing process for as many suppliers as possible. 
We try to achieve this using technology and software from different fields of discipline. Invoices that are received from suppliers in the scope of our project will get automatically forwarded to a specific folder that is being monitored by our OCR software Abbyy FlexiCapture Studio 12. New files automatically get examined by our OCR software and all the details important for the invoicing process are stored in an .XLS database. The extracted results are keyed in automatically using an RPA-enhanced process created in the UiPath Studio environment.
Manual treatment is only required for exceptions.

Before these invoice details can be processed in SAP, a series of preliminary checks needs to be carried out. For example, we check whether the supplier details such as the VAT Number and the IBAN bank account number on the invoice match the details in our SAP environment. We check whether the line level details such as the Lyreco Article number, the Vendor Material Number (VMN) and the EAN number on the invoice can be matched to the data on the purchase order. These checks are of key importance in order to make sure our automated solution is also compliant with local tax rules, whether invoices are processed on the correct bank account number, etc. The 'Supplier Invoicing PRELIM Actions' workflow will execute these series of preliminary checks before any details are keyed in SAP. Exceptions will be detected and sent back to the operational team for manual treatment. Invoices that pass the checks will be processed by a subsequent workflow defined in another project card.","€45,000.00",,€0.00,,Live,In Production,"Local, and maybe Group",03/28/2023,https://cloud.uipath.com/lyrecomanagement/DefaultTenant/automationhub_/automation-profile/bnl---supply---supplier-invoicing---preliminary-checks,Wouter Herrrygers,Wouter Herrrygers
FRANCE,Marketing,GRP - MKT - Data Pack,Sensitive project,"€43,125.00",1380 Hours Per Year,€0.00,,Live,Decommissioned,Group,03/27/2023,https://cloud.uipath.com/lyrecomanagement/DefaultTenant/automationhub_/automation-profile/grp---mkt---dtp,Huiru Zhang,"Bruno Bastin, Quentin Chastin, Huiru Zhang"
ITALY,Marketplace,GRP MP - Scraper - Maison du Monde,Recovering information on the target sellers for the Lyreco marketplace,€0.00,,€500.00,,Live,Decommissioned,Local,03/27/2023,https://cloud.uipath.com/lyrecomanagement/DefaultTenant/automationhub_/automation-profile/grp-mp---scraper---maison-du-monde,Thomas Pruvost,"Deleted User, Quentin Chastin, Thomas Pruvost"
FRANCE,Finance,FR - FINANCE - Mise à jour automatique de limites de crédit clients,"nous avons actuellement 19 464 clients sous suivi Ellispere, 30 000 maxi en fin de période.
en fonction du score de solvabiloité d'Ellisphère+ data internes SAP tel que Classe de Risque, CA moyen du client, balance, échus ... nous mettons à jour quotidiennement les limites de crédit avec une méthododo systématique
le volume de clients à MAJ et de l'ordre de 14972 clients
sur ces 14972 clienst, 8050 clients ont un score suffisamment élevé poru etre mis à jour avec des règles automatiques et une liste de controle , de facon secure
le temps de maj est de l'ordre de 3 minutes, soit 24150 minutes à l'année poru le service - 57j soit 0.25 etp gagné sur une tache assez mécanique et répétitive - ce volume se concentre par ailleurs entre 06 et 10 à une période ou l'effectif pose des CP, sur cette période on peut monter à 0.75 etp 

Task Mining : https://cloud.uipath.com/lyrecomanagement/DefaultTenant/taskmining_/app/projects/tc/f9ade17c-242a-ee11-b8f0-000d3a2d9ca1?traceid=0af69535-2561-ee11-9937-000d3a2d9ca1","€30,000.00",,€0.00,,Live,In Production,"Local, and maybe Group",03/20/2023,https://cloud.uipath.com/lyrecomanagement/DefaultTenant/automationhub_/automation-profile/misejourautomatiquedelimitesdecrditclients,Benoit Frere,"Benoit Frere, Aline TURPIN, Josic Libert, François-Xavier Nys"
FRANCE,Marketing,FR - MKT -  Financial credit at the end of the promotion,"The supplier propose to apply a promotion on some products in order to sell more volume. 

He then takes in charge free or discounted products that Lyreco puts forward on the advertising flyers or on the webshop. 

As the supplier does not know neither the volume of sales made by Lyreco, nor the amount of free or discounted products, it is Lyreco that prepare and extract the figures. 

We then send those information to the supplier via an excel file in an email at the end of the promotion process.

Principe
Le fournisseur souhaite faire une promotion sur des produits dans le but d'en vendre un peu plus.
Il prend alors en charge la gratuité ou la remise que Lyreco met en avant sur les flyers publicitaires ou sur webshop.
Le fournisseur ne pouvant connaitre ni le volume des ventes effectuées par Lyreco, ni le montant des produits offerts ou remisés, c'est Lyreco qui sort les chiffres.
On lui réclame ensuite ce montant via un fichier excel que nous lui envoyons par mail à la fin du process de promotion.
","€225,750.00",,€0.00,,Live,In Production,"Local, and maybe Group",03/15/2023,https://cloud.uipath.com/lyrecomanagement/DefaultTenant/automationhub_/automation-profile/mkt---fr---financial-credit-at-the-end-of-the-promotion,Severine Dessaint,"Severine Dessaint, mathieu lison, Josic Libert, Quentin Chastin"
FRANCE,Marketing,FR - MKT - CFAC PRICING PROCESS,"Update pricing information in SAP
CFAC (which stands for CONTROLE FACTURE), the list of invoices blocked for price discrepancies","€66,000.00",2112 Hours Per Year,€0.00,,Live,In Production,"Local, and maybe Group",02/24/2023,https://cloud.uipath.com/lyrecomanagement/DefaultTenant/automationhub_/automation-profile/fr---mkt---cfac-pricing-process,Florine Tison,"Florine Tison, mathieu lison, Quentin Chastin"
FRANCE,FINANCE,GRP MP - Customers  ageing report ,"Need to automate the process to update data base for the customers ageing report for marketplace flow
Currently the process is completely manual and daily.","€2,250.00",,€0.00,Customers Ageing report ,Development,Cancelled,Group,02/22/2023,https://cloud.uipath.com/lyrecomanagement/DefaultTenant/automationhub_/automation-profile/mktplace---customers--ageing-report--,Jean-yves Allaeys,"Jean-yves Allaeys, mathieu lison"
ITALY,Marketplace,GRP MP -  Scraper Greenweez.it - Marketplace ,Recovering information on the target sellers for the Lyreco marketplace,€0.00,,€500.00,,Live,Decommissioned,Local,02/02/2023,https://cloud.uipath.com/lyrecomanagement/DefaultTenant/automationhub_/automation-profile/fr----scraper-greenweez-it---marketing---marketplace-,Thomas Pruvost,"mathieu lison, Thomas Pruvost, Josic Libert"
ITALY,Marketplace,GRP MP - Scraper Bcorporation.it - Marketplace ,Recovering information on the target sellers for the Lyreco marketplace,€0.00,,€500.00,,Live,Decommissioned,Local,02/02/2023,https://cloud.uipath.com/lyrecomanagement/DefaultTenant/automationhub_/automation-profile/fr----scraper-bcorporation-it---marketing---marketplace-,Thomas Pruvost,"mathieu lison, Thomas Pruvost"
FRANCE,Marketplace,GRP MP - Scraper Refurbed.it - Marketplace ,Recovering information on the target sellers for the Lyreco marketplace,€0.00,,€500.00,,Live,Decommissioned,Local,02/02/2023,https://cloud.uipath.com/lyrecomanagement/DefaultTenant/automationhub_/automation-profile/fr----scraper-refurbed-it---marketing---marketplace-,Thomas Pruvost,"mathieu lison, Thomas Pruvost"
FRANCE,Marketplace,GRP MP - Scraper Manutan.it - Marketplace ,Recovering information on the target sellers for the Lyreco marketplace,€0.00,,€500.00,,Live,Decommissioned,Local,02/02/2023,https://cloud.uipath.com/lyrecomanagement/DefaultTenant/automationhub_/automation-profile/fr---marketing---marketplace---scraper-manutan-it,Thomas Pruvost,"mathieu lison, Thomas Pruvost, Deleted User"
FRANCE,Marketplace,GRP MP - Scraper Mercateo.it - Marketplace ,Recovering information on the target sellers for the Lyreco marketplace,€0.00,,€500.00,,Live,Decommissioned,Local,02/02/2023,https://cloud.uipath.com/lyrecomanagement/DefaultTenant/automationhub_/automation-profile/fr---marketing---marketplace---scraper-mercateo-it,Thomas Pruvost,"mathieu lison, Thomas Pruvost"
FRANCE,Marketplace,GRP MP - Scraper Victualia.it - Marketplace ,Recovering information on the target sellers for the Lyreco marketplace,€0.00,,€500.00,,Live,Decommissioned,Local,02/02/2023,https://cloud.uipath.com/lyrecomanagement/DefaultTenant/automationhub_/automation-profile/fr---marketing---marketplace---scraper-victualia-it,Thomas Pruvost,"mathieu lison, Thomas Pruvost"
FRANCE,Marketplace,GRP MP - Scraper Laposte.fr - Marketplace ,Recovering information on the target sellers for the Lyreco marketplace,€0.00,,€500.00,,Live,Decommissioned,Local,02/02/2023,https://cloud.uipath.com/lyrecomanagement/DefaultTenant/automationhub_/automation-profile/fr---marketing---marketplace---scraper-laposte-fr,Thomas Pruvost,"mathieu lison, Thomas Pruvost"
BENELUX,Logistics,BNL - SUPPLY - Customer specific stock report,Automated sending of customer stock list Specifique extracted from Power Bi,"€253,125.00",,€0.00,,Live,In Production,"Local, and maybe Group",02/02/2023,https://cloud.uipath.com/lyrecomanagement/DefaultTenant/automationhub_/automation-profile/bnl---logistique---stock-status-and-consumption,Catherine Blaise,"Catherine Blaise, mathieu lison"
BENELUX,Logistics,BNL - SUPPLY - Extract Data specific from PowerBi ,Automated sending of customer stock list Specifique extracted from Power Bi,"€11,250.00",,€0.00,,Live,In Production,"Local, and maybe Group",02/02/2023,https://cloud.uipath.com/lyrecomanagement/DefaultTenant/automationhub_/automation-profile/bnl---supply---automatisation-power-bi-spe,Catherine Blaise,"Catherine Blaise, mathieu lison, Josic Libert"
FRANCE,,GRP CS - Subscription Order - Customer Order & Structure Customer Service,To offer our customers time-limited orders (Lyreco Print Service),€0.00,,€0.00,"Subscription Order (1).pptx,Subscription Order.txt",Solution Design,Cancelled,"Local, and maybe Group",01/31/2023,https://cloud.uipath.com/lyrecomanagement/DefaultTenant/automationhub_/automation-profile/subscription-order,Deleted User,"mathieu lison, Josic Libert, Deleted User"
FRANCE,LOGISTIC,GRP SC - LOGISTIC - Slotting Tool,Optimisation and allocation of workloads by item in logistics processing centres,"€9,000.00",,€0.00,"Matrice Simon septembre novembre 2022.xlsx,matrix explanation.docx,matrix_light.xlsx,Slotting rules Europe.pptx",Analysis,Cancelled,"Local, and maybe Group",01/31/2023,https://cloud.uipath.com/lyrecomanagement/DefaultTenant/automationhub_/automation-profile/slotting-tool,Sandie Malcuit,"mathieu lison, Sandie Malcuit"
FRANCE,IS,GRP IS - Merge file,Switch our validation flow currently used for team invoices to the robot,"€3,750.00",,€0.00,,Live,In Production,"Local, and maybe Group",01/25/2023,https://cloud.uipath.com/lyrecomanagement/DefaultTenant/automationhub_/automation-profile/merge-file,GERALDINE LACHAPELLE,"GERALDINE LACHAPELLE, mathieu lison, Josic Libert"
FRANCE,Finance,FR - FINANCE - ALTARES - Keying doubtfull customer information automatically,Automate the processing of customer bankruptcy data received daily,"€37,500.00",,€0.00,,Live,In Production,"Local, and maybe Group",01/20/2023,https://cloud.uipath.com/lyrecomanagement/DefaultTenant/automationhub_/automation-profile/altares,thomas catteau,"thomas catteau, mathieu lison, Bruno Bastin"
WISE,GROUPIS,WISE IS - DocuSign Auto Save to ISO27001 Folder,"To save the signed Charter forms from DocuSign. 
Merge PDF's into one file
Rename to the Signed user
Save to the Sign Policy Folders for ISO27001 area","€9,000.00",288 Hours Per Year,€0.00,,Live,In Production,"Local, and maybe Group",01/19/2023,https://cloud.uipath.com/lyrecomanagement/DefaultTenant/automationhub_/automation-profile/docusign-auto-save-to-iso27001-folder,I WISE,"John Davies, I WISE"
GERMANY,IT,GER - SAL - CMC Download SAP ,"Customer pricing conditions require daily monitoring and analysis. To keep the prices of core product ranges up to date, the associated pricing data is exported from SAP by this RPA process. This serves as raw data for an analysis tool that makes it easier for sales staff to revise prices. The price data export is executed using SAP transaction ZV034017.","€1,500.00",48 Hours Per Year,€0.00,,Live,In Production,Group,01/16/2023,https://cloud.uipath.com/lyrecomanagement/DefaultTenant/automationhub_/automation-profile/cmc-download-in-sap-zv034017,Sinan Adiyaman,Sinan Adiyaman
FRANCE,Planning and performance,GRP IS - Birth Bot,Send a birth notification to Group IS employees,€750.00,,€0.00,"Dates of birth IT,Template of the mail",Live,In Production,"Local, and maybe Group",01/11/2023,https://cloud.uipath.com/lyrecomanagement/DefaultTenant/automationhub_/automation-profile/the-birth-bot,charlotte Gavois,"charlotte Gavois, mathieu lison, Josic Libert, Quentin Chastin"
FRANCE,LOGISTIC,FR - SUPPLY - Invoice Reconciliation ,"Lyreco France receives daily about 600 invoices of purchase of catalog products, the solution must recover invoices received by e-mail. To make an ocerization of this invoice then to identify the lines by including certain options described in the specifications. ","€168,750.00",,€0.00,[FR] - Cahier des charges.pdf,Live,In Production,"Local, and maybe Group",01/10/2023,https://cloud.uipath.com/lyrecomanagement/DefaultTenant/automationhub_/automation-profile/invoice-reconciliation---supply,Kevin Tison,"Lohan Dancuo, Nathalie Bossut, Kevin Tison, mathieu lison, Dimitri Degroise, Deleted User"
DENMARK,,DEN-IS-Webshop promotion activation,"Reduce time on monthly export/import from VISTEX to EDITO.
More than 200 promotions and 3-5 hours monthly.
Create automation for ”bulk import"".","€3,750.00",120 Hours Per Year,€0.00,Edito.png,Live,In Production,"Local, and maybe Group",01/06/2023,https://cloud.uipath.com/lyrecomanagement/DefaultTenant/automationhub_/automation-profile/webshop-promotion-activation,Jesper DREJER,"Jesper DREJER, Lars Christensen"
FINLAND,IT,FIN - CS - TrackingID by eMail,,"€37,500.00",,€0.00,,Live,In Production,,12/19/2022,https://cloud.uipath.com/lyrecomanagement/DefaultTenant/automationhub_/automation-profile/fin---trackingid-by-email,Jere Jokinen,"mathieu lison, Stella Dimitrova, Jere Jokinen, Julian LEROY, Bruno Bastin"
FRANCE,IS,GRP IS - Approval workflow,,"€24,000.00",240 Hours Per Year,,,Live,In Production,,11/08/2022,https://cloud.uipath.com/lyrecomanagement/DefaultTenant/automationhub_/automation-profile/approval-workflow,GERALDINE LACHAPELLE,"Josic Libert, GERALDINE LACHAPELLE, mathieu lison"
BENELUX,IT,BNL - MKT/Supply - ME23N - Get purchase price valid at PO Creation time,,"€6,562.50",210 Hours Per Year,€0.00,,Live,In Production,,10/03/2022,https://cloud.uipath.com/lyrecomanagement/DefaultTenant/automationhub_/automation-profile/bnl---me23n---get-purchase-price-valid-at-po-creation-time,Wouter Herrrygers,Wouter Herrrygers
